method,short,label,seed,episode_id,stress,disturbance_stress,cost,sensor_stream_hash,sensor_hold_fraction,sensor_observable_jump_mean,sensor_hidden_event_count,violation_rate,violation_count,known_static_violation_rate,known_static_violation_count,uncertain_true_violation_rate,uncertain_true_violation_count,min_clearance_cm,min_known_static_clearance_cm,min_uncertain_true_clearance_cm,mean_clearance_cm,goal_error_cm,reached,first_reach_step,path_length_m,mean_cbf_correction,cbf_intervention_rate,raw_sensor_rmse_cm,belief_center_rmse_cm,runtime_ms_per_episode,obs1_belief_rmse_cm,obs2_belief_rmse_cm,epoch
AC,AC,actor-critic + uniform replay,0,0,1.0,1.0,5.405916270726965,1290502f5cc1479a39bc6122deed877d23d1bce160e08ae72c73bcc571644b84,0.017391304347826,0.1417645157079876,49,0.0,0,0.0,0,0.0,0,3.008520833398623,5.1109948013176485,3.008520833398623,11.292180183900989,100.86685903003954,0,-1,3.3622615270567606,0.0,0.0,2.7838451772286747,2.7838451772286747,69.01119998656213,2.8623738697355865,2.703036028508246,0
AC,AC,actor-critic + uniform replay,0,1,1.06,1.0,5.865152478304512,f6e58b002b846aa4267cda0b2e2981838f73f75ca75bf5d2a362520b310a5904,0.0478260869565216,0.1420473057002858,54,0.0,0,0.0,0,0.0,0,0.7999219841848704,4.2403579125152,0.7999219841848704,10.652676803164084,88.24684653377962,0,-1,3.084038170608451,0.0,0.0,3.4134176202636395,3.4134176202636395,68.56270000571385,3.89853057686391,2.846805058642008,1
AC,AC,actor-critic + uniform replay,0,2,1.12,1.0,5.651910022257232,1842d6b48e65e0d845f28064a4d4f76b39d06f25382eba6e08249ef0e33ce533,0.0304347826086957,0.1399595651115591,54,0.0,0,0.0,0,0.0,0,0.1361492493955729,2.6984242563677747,0.1361492493955729,10.22686952134918,89.01169312971342,0,-1,3.095261109135535,0.0,0.0,3.577919731384339,3.577919731384339,67.69959998200648,4.026512457488355,3.064346037599188,2
AC,AC,actor-critic + uniform replay,0,3,1.18,1.0,5.708517285196533,46ea4884edf0d2d0b527757a729d68cf9f1fd3b2fabfd6591af84f82c2602b72,0.017391304347826,0.1524116784961557,52,0.0,0,0.0,0,0.0,0,0.3856446212242737,2.856539904927096,0.3856446212242737,10.39420403724248,89.60201332472656,0,-1,3.101781843762254,0.0,0.0,3.2517818404875123,3.2517818404875123,69.30169998668134,3.5459656347681308,2.9281902249157503,3
AC,AC,actor-critic + uniform replay,0,4,1.24,1.0,5.651745151589688,b0491bfd11ca6fcbe089bf0e5db6cc4754806de544a0d4f16a05ac5e63f7364f,0.0782608695652173,0.1491568713023484,59,0.0,0,0.0,0,0.0,0,0.310337699599425,2.0934354204200027,0.310337699599425,10.148020135916642,89.36206193753829,0,-1,3.152582531517684,0.0,0.0,3.675996890911805,3.675996890911805,68.3339000097476,3.6020674253680127,3.7484685602375207,4
AC,AC,actor-critic + uniform replay,0,5,1.3,1.0,5.657152192202401,ebeae7456964e82fb4b1a10e1e1c9f599b5b0d2eb001b0de6e2b0cd7afa80e72,0.0086956521739129,0.1565754079322125,65,0.0,0,0.0,0,0.0,0,0.38040062135897,1.9832142310821963,0.38040062135897,9.967868779262233,86.48505031851427,0,-1,3.2203275177770263,0.0,0.0,3.7021721908795295,3.7021721908795295,68.00579998525791,3.974506998808404,3.408144946780652,5
AC,AC,actor-critic + uniform replay,0,6,1.36,1.0,5.736846006060774,291357f8730d0569e5d924fe750842809c913891fcdeb2d6fd549cfbd69b5722,0.0391304347826086,0.1519452576187987,62,0.0,0,0.0,0,0.0,0,0.3279603990573754,2.287105342620135,0.3279603990573754,10.268182249995473,89.81578552054478,0,-1,3.1697465496950605,0.0,0.0,3.9181495437130014,3.9181495437130014,74.51750000473112,4.38574034535786,3.386602031077337,6
AC,AC,actor-critic + uniform replay,0,7,1.42,1.0,5.564981140504701,13cb2f6395130d1e3c7cf1f5148694bfc1295285f769af058dd9fbaf01626bb7,0.0652173913043477,0.1666850351028523,57,0.0,0,0.0,0,0.0,0,0.7387423704221935,1.8821996923017048,0.7387423704221935,10.243710226942431,89.70928546851893,0,-1,3.09577199103118,0.0,0.0,3.4589376898819224,3.4589376898819224,68.08569998247549,3.876956825422616,2.982902220787731,7
AC,AC,actor-critic + uniform replay,0,8,1.48,1.0,5.544723635762223,79fa959b972ab0033b20e30817c29d8193f16bf72c81dd0d6aad776374799d2d,0.0608695652173912,0.1643146425838269,54,0.0,0,0.0,0,0.0,0,0.4036598018032272,1.6413829268834372,0.4036598018032272,9.933836451197534,89.21813138821345,0,-1,3.0956279027621822,0.0,0.0,4.474091178477708,4.474091178477708,67.94569999328814,4.692978882368977,4.243928952786901,8
AC,AC,actor-critic + uniform replay,0,9,1.54,1.0,10.982276272677296,20650919392802bdf9e7744194b816b55707da2eb76474072ea5c7ddd49b5c01,0.0608695652173912,0.1763712207068929,56,0.008695652173913,1,0.0,0,0.008695652173913,1,-0.3391866268657062,2.3543169871497303,-0.3391866268657062,10.20728367136649,90.05379087312578,0,-1,3.149555500553169,0.0,0.0,4.79899362008503,4.79899362008503,67.83690000884235,5.67460226239648,3.7228441674126502,9
AC,AC,actor-critic + uniform replay,1,0,1.0,1.0,5.520795539075128,e8edde64e892ebb977ec4b1e3b5814b7d9685e100a04edf4f3dc4ff6189acfdf,0.0695652173913043,0.1359021002214868,51,0.0,0,0.0,0,0.0,0,2.474099688308137,5.441279116751807,2.474099688308137,11.775404374410687,96.65406943287252,0,-1,3.437246524780077,0.0,0.0,2.799488377691587,2.799488377691587,87.48700001160614,2.7173795814492467,2.8792565991907124,0
AC,AC,actor-critic + uniform replay,1,1,1.06,1.0,5.715091714732594,3db7b85512db5a6a4d1345606bbee7ab7e216f1eabc9cd4b0cbcfad23fb35fb8,0.0478260869565216,0.1394895016764791,51,0.0,0,0.0,0,0.0,0,0.7814168563669233,4.048513104729466,0.7814168563669233,10.664873497110309,88.44000566814401,0,-1,3.081094847645898,0.0,0.0,2.872671187953841,2.872671187953841,123.02850000560284,3.371450264922262,2.2666721464199173,1
AC,AC,actor-critic + uniform replay,1,2,1.12,1.0,5.6924795915319,2ba18529a4b500943ad609e0a74d6a99d1ad48bab163c87fa1ea8c86ee361358,0.0608695652173912,0.1382506680824534,64,0.0,0,0.0,0,0.0,0,0.8886286748623407,3.1563476469449334,0.8886286748623407,10.37295200706006,89.86089007233173,0,-1,3.163773661226595,0.0,0.0,3.1789130905033693,3.1789130905033693,81.08450000872836,3.801308897361479,2.4002140614511487,2
AC,AC,actor-critic + uniform replay,1,3,1.18,1.0,5.721218800865978,38c78961cb4d6e16083d2d825a353f49fd94e71c5e732c5a90d3cd29fc138c48,0.017391304347826,0.1550019709177601,51,0.0,0,0.0,0,0.0,0,0.3354282098684519,2.84913719561824,0.3354282098684519,10.29970671872086,87.40472388202026,0,-1,3.061962342942329,0.0,0.0,3.5725460202859605,3.5725460202859605,80.4294999979902,3.324146825884052,3.8047625437190016,3
AC,AC,actor-critic + uniform replay,1,4,1.24,1.0,10.791909549889596,46f50b36dbd96a355c6621a61b833117852052254b98fa93bbbb8725d426308b,0.0652173913043477,0.1485740745288825,57,0.008695652173913,1,0.0,0,0.008695652173913,1,-0.0595962305019376,2.147373909150368,-0.0595962305019376,10.108809912672506,88.31019356380683,0,-1,3.1938312523733683,0.0,0.0,4.200432586039286,4.200432586039286,81.82449999731034,4.389449161217299,4.002499704036231,4
AC,AC,actor-critic + uniform replay,1,5,1.3,1.0,5.505559120279375,d2446016ac0d03e852a2b8b18cc53356235435eff02c45166fb96ec150809a79,0.0130434782608696,0.1563220208341262,60,0.0,0,0.0,0,0.0,0,0.3128701498841868,2.131152972759851,0.3128701498841868,10.184298433320777,90.66571330023466,0,-1,3.126552748287452,0.0,0.0,3.7613863649963655,3.7613863649963655,83.39049998903647,3.3000966885995764,4.171979939963189,5
AC,AC,actor-critic + uniform replay,1,6,1.36,1.0,5.585539484015669,a7a659024af26122fb7341d324f6faa89fdcf1a0426d162f9be24a684bcc0444,0.026086956521739,0.1553241374453545,50,0.0,0,0.0,0,0.0,0,1.301411961023227,2.484582432763152,1.301411961023227,10.38798348864484,88.93245883809793,0,-1,3.090414244880469,0.0,0.0,3.295655513367797,3.295655513367797,74.4301000086125,3.2091804529679755,3.3799188371721858,6
AC,AC,actor-critic + uniform replay,1,7,1.42,1.0,5.659868802533532,39eb78d339619663a0cf9fc7636303b03e57b59a00cdc1e5470cf29b047c8208,0.026086956521739,0.1624331350521206,66,0.0,0,0.0,0,0.0,0,0.5732592837643796,1.9481349542743476,0.5732592837643796,10.093304804067577,88.3952248168427,0,-1,3.1474333402090613,0.0,0.0,4.082266437073774,4.082266437073774,96.68519999831916,3.747197216477167,4.391846029557933,7
AC,AC,actor-critic + uniform replay,1,8,1.48,1.0,5.572325672889775,b7bece9fcd5d8109b4da0c46714d050abb9169d495eab385071daa80f785f004,0.0521739130434782,0.1598221055420095,55,0.0,0,0.0,0,0.0,0,0.5258767618738391,2.538119817477984,0.5258767618738391,10.32947845910094,88.7613415811429,0,-1,3.152193564622997,0.0,0.0,4.112429762028775,4.112429762028775,79.95600000140257,4.261028022819956,3.958256849167716,8
AC,AC,actor-critic + uniform replay,1,9,1.54,1.0,5.617351599790332,65fd49d28eb428bff39948f28fd355485786a0d7e3b753a043d087664ce8428c,0.0391304347826086,0.179610572795698,60,0.0,0,0.0,0,0.0,0,0.9461792491114284,2.093637278150249,0.9461792491114284,10.238513747128632,90.7215341003521,0,-1,3.126179570128224,0.0,0.0,4.413094820514357,4.413094820514357,79.57050000550225,4.514077053746222,4.309747108885058,9
AC,AC,actor-critic + uniform replay,2,0,1.0,1.0,5.4726154685563415,406bff0b5cc8fd555824994fc19b69bfac67a3a8a0b294e0b4ba74c23f056f60,0.0695652173913043,0.1419470867836721,64,0.0,0,0.0,0,0.0,0,2.251889812778343,5.401455302492331,2.251889812778343,11.69081083051276,97.43347133503497,0,-1,3.4383305293597863,0.0,0.0,3.0297090436127885,3.0297090436127885,79.00299999164417,3.39248079543138,2.61712587212146,0
AC,AC,actor-critic + uniform replay,2,1,1.06,1.0,5.694643390294769,79fa3d150a7ba64b8aeb209e74a2f74ca3496f34c0148af55298c58da757bf8c,0.0478260869565216,0.1529968537818234,54,0.0,0,0.0,0,0.0,0,1.087404328535027,3.708799401384054,1.087404328535027,10.47560023308188,89.42189916692742,0,-1,3.175357438970199,0.0,0.0,2.9054112737189537,2.9054112737189537,73.23919999180362,2.711261258971986,3.0873761877205745,1
AC,AC,actor-critic + uniform replay,2,2,1.12,1.0,5.850198425448622,59e262658804cddf4d8d2408a2dc03ef7f8082ae302b112042011185c81997d3,0.0347826086956521,0.1413673465387463,55,0.0,0,0.0,0,0.0,0,0.2615619557503584,2.9683532757508555,0.2615619557503584,10.357309453218416,89.48101060809843,0,-1,3.1092363755007404,0.0,0.0,3.5780983896921894,3.5780983896921894,89.03219999046996,3.7626749928381247,3.3834676104414383,2
AC,AC,actor-critic + uniform replay,2,3,1.18,1.0,5.573416034061026,1f7f2dee6b7447aa9294f7fcc2d16347195cc3c1abe43ad08bb7a349da302248,0.0,0.1485607798309649,56,0.0,0,0.0,0,0.0,0,0.4780457081968531,2.173177042383713,0.4780457081968531,10.163609326830167,88.02407474963513,0,-1,3.0836924015869416,0.0,0.0,2.84866819597944,2.84866819597944,103.773499984527,2.8363483844555777,2.860934956192774,3
AC,AC,actor-critic + uniform replay,2,4,1.24,1.0,5.540585395212825,0e8ce06fa3720771908e3b931576390d9d265431da5b1e9d74266482217acc73,0.0086956521739129,0.1496754304612479,48,0.0,0,0.0,0,0.0,0,0.4245761493423261,2.3710434736313384,0.4245761493423261,10.050939510879546,90.53837778016914,0,-1,3.121778878165866,0.0,0.0,4.208560296652777,4.208560296652777,77.36189998104237,4.453317144392972,3.948661286129751,4
AC,AC,actor-critic + uniform replay,2,5,1.3,1.0,5.62187443267819,fdf14de5f48f65b0740bb224feca20380345f8f6d420808eb6de9a461a26ee70,0.0608695652173912,0.1548125181279571,58,0.0,0,0.0,0,0.0,0,0.6334342854854985,2.194979598962654,0.6334342854854985,10.240483170036748,89.81474387131567,0,-1,3.108302841199749,0.0,0.0,3.815891151848074,3.815891151848074,113.54270001174882,3.609947900507777,4.01127494957954,5
AC,AC,actor-critic + uniform replay,2,6,1.36,1.0,5.7500141950194745,18fbd0676905f5cfe3388b4edd7b8adc8a327d23ff16fb5570682f02bbc58a9d,0.0478260869565216,0.1618867329736251,57,0.0,0,0.0,0,0.0,0,0.4191560209368034,2.143700270619249,0.4191560209368034,10.303046965349573,86.72153870299582,0,-1,3.033222886895913,0.0,0.0,3.817289741233171,3.817289741233171,93.91219998360611,4.246814369032205,3.332862081159317,6
AC,AC,actor-critic + uniform replay,2,7,1.42,1.0,5.649168720149671,a3369fa3191d0bf375e4e57fc0ca1a1bc041469c179e28e0008fab8056d212ab,0.0652173913043477,0.1650691079677373,55,0.0,0,0.0,0,0.0,0,1.3562274050528704,2.145940431383479,1.3562274050528704,10.142942313991272,89.57517518275665,0,-1,3.0884431687990985,0.0,0.0,3.1647142089149254,3.1647142089149254,80.42400001431815,2.957461692956303,3.359204129390187,7
AC,AC,actor-critic + uniform replay,2,8,1.48,1.0,10.82622526491127,91bcbfbfacdce1c9b7980c4de4e36608968fd3dd3a6e0c052f321d6bb8e10c37,0.0434782608695651,0.1728951812694774,63,0.008695652173913,1,0.0,0,0.008695652173913,1,-0.2746689372159466,2.177158062171059,-0.2746689372159466,10.091762508011962,87.64309964215691,0,-1,3.236400817201309,0.0,0.0,4.0729953942596575,4.0729953942596575,80.55959999910556,4.375679532668155,3.745932673008121,8
AC,AC,actor-critic + uniform replay,2,9,1.54,1.0,16.1379772721262,7463c08cf9720fa1a91611ab930db3957842784619f8d72a3d528a9924d4b662,0.0956521739130434,0.1743049140763325,55,0.017391304347826,2,0.0,0,0.017391304347826,2,-0.404393657457186,1.9177089111151897,-0.404393657457186,10.164441933819338,89.96077152673116,0,-1,3.1640210085873224,0.0,0.0,4.406286257866792,4.406286257866792,77.91220000945032,5.225839978126666,3.394306069809342,9
AC,AC,actor-critic + uniform replay,3,0,1.0,1.0,5.41261687991379,40077ea3bdd754003ee403c8647f5c7a881625b45d34c91883061194222efdc2,0.0391304347826086,0.1443618778975431,53,0.0,0,0.0,0,0.0,0,2.6489704542791204,5.271445146581318,2.6489704542791204,11.28761131641644,101.4576720657453,0,-1,3.3637052166676,0.0,0.0,2.606403317879488,2.606403317879488,80.96709998790175,2.184665744287481,2.968823352212663,0
AC,AC,actor-critic + uniform replay,3,1,1.06,1.0,5.8148116090008575,6bb35cde73ab78fc35b96f45fcd806c9ba08167057303cfa2a2c3f8659d30416,0.0086956521739129,0.1471068574016538,51,0.0,0,0.0,0,0.0,0,0.9881901390606408,4.039899770350541,0.9881901390606408,10.548585300929576,90.82163572750106,0,-1,3.1308937269161627,0.0,0.0,3.3657070148188013,3.3657070148188013,81.17349998792633,3.549020397277564,3.171816772594025,1
AC,AC,actor-critic + uniform replay,3,2,1.12,1.0,5.7093604363072,810c6e92f86990aef82a235b44046e11ae43f44cc5f9c32e949e05de10b5d6a8,0.0,0.1609835159375067,58,0.0,0,0.0,0,0.0,0,1.1760763145079511,2.842671187999231,1.1760763145079511,10.252056629732778,88.58459915176503,0,-1,3.1527098734811614,0.0,0.0,3.019525772095687,3.019525772095687,73.99720000103116,2.5927260205828704,3.393058142574722,2
AC,AC,actor-critic + uniform replay,3,3,1.18,1.0,5.652139592873773,630136ba579eba5eae2cbd350727969748be67c672c97c225ced0268201e4bd4,0.0,0.156736337113168,52,0.0,0,0.0,0,0.0,0,1.2296777615252137,2.507566147217549,1.2296777615252137,10.327150752446473,87.92429529041314,0,-1,3.063432206198083,0.0,0.0,2.8797948852995696,2.8797948852995696,94.05680000782012,2.9730321886442725,2.7834361440636943,3
AC,AC,actor-critic + uniform replay,3,4,1.24,1.0,5.6153399390345085,bcf4a2fd04e8f91ac9fbf2b899138391293f93d4744dd3caa839eb84b43ff1e6,0.0304347826086957,0.1567497088146984,62,0.0,0,0.0,0,0.0,0,1.0608026469770435,2.6531726474441952,1.0608026469770435,10.20509734215437,88.82107907543697,0,-1,3.2001742177537755,0.0,0.0,3.180849524150294,3.180849524150294,79.68300001812167,3.294568048000832,3.0629118119309773,4
AC,AC,actor-critic + uniform replay,3,5,1.3,1.0,5.579464994136826,50a360ad042daf129acd66f4c2a1d4cf27469d9b86b110d10c4647ebbeddd339,0.0782608695652173,0.1516621742885754,62,0.0,0,0.0,0,0.0,0,0.502847103426457,2.34799723936704,0.502847103426457,10.293463697375945,89.78474265704305,0,-1,3.164530253414318,0.0,0.0,3.0695386759357053,3.0695386759357053,84.83060001162812,3.1246440244160314,3.013425805758528,5
AC,AC,actor-critic + uniform replay,3,6,1.36,1.0,5.640482076528988,88c52520be2fbd17fccf696aec12b48a8b9774301aeeb4babd7f9939f2ad305c,0.017391304347826,0.1587652057290914,63,0.0,0,0.0,0,0.0,0,0.7757584791788619,2.467171729075235,0.7757584791788619,10.161504654202735,90.62682625052491,0,-1,3.126247175343933,0.0,0.0,4.261692012558922,4.261692012558922,78.81859998451546,4.370741673166499,4.14977768636619,6
AC,AC,actor-critic + uniform replay,3,7,1.42,1.0,5.578564072773682,077c6720be08da190dadc285a3941b3046b426a47ad0b0b6473a524c1da2095f,0.017391304347826,0.1579453424828324,55,0.0,0,0.0,0,0.0,0,0.7673603394668521,2.75777043816239,0.7673603394668521,10.139898478165415,87.93660986418655,0,-1,3.1968405936830075,0.0,0.0,3.421800078183309,3.421800078183309,77.72329999716021,3.1299518822039865,3.690641240380636,7
AC,AC,actor-critic + uniform replay,3,8,1.48,1.0,5.629214848274889,b7666c116c120b2fa0edcdc335212eeaec03893a9195710f0f596ca6fb4a93bd,0.0652173913043477,0.1540703331253426,57,0.0,0,0.0,0,0.0,0,0.9613054245696444,2.494865116523723,0.9613054245696444,10.18250238041783,88.7147089755626,0,-1,3.15716322202314,0.0,0.0,4.361639814557888,4.361639814557888,83.53720000013709,4.318368629263344,4.404485909350531,8
AC,AC,actor-critic + uniform replay,3,9,1.54,1.0,5.621066442835083,ed93c408619c002b528328c7a26c6d3a6f0ee82b55311bef14fe43f617ccb3bc,0.026086956521739,0.1835266481178063,63,0.0,0,0.0,0,0.0,0,0.7573983198245232,2.6483343951564624,0.7573983198245232,10.202873160429696,86.91615807168584,0,-1,3.184258097322629,0.0,0.0,3.8995790789057896,3.8995790789057896,86.76820000982843,3.5247417984790586,4.241418305158555,9
AC,AC,actor-critic + uniform replay,4,0,1.0,1.0,5.581482115807575,3a6b95a4d7ee9265b0e3836f8fceeec64c13bf6f9553de19a53f58b5863db929,0.0391304347826086,0.1408728280172949,58,0.0,0,0.0,0,0.0,0,2.100619214483457,5.297004130486924,2.100619214483457,11.808026122976546,96.70942678334632,0,-1,3.4371868424069576,0.0,0.0,2.4096644913374803,2.4096644913374803,85.53540002321824,2.530698400751749,2.2822207443755254,0
AC,AC,actor-critic + uniform replay,4,1,1.06,1.0,5.681129240795745,0c0058140f4209bd2f166f1b02c5b5f7b2d7d2924518f5fccd7604945828c8d7,0.0478260869565216,0.1413443359087037,53,0.0,0,0.0,0,0.0,0,1.393390409270387,3.6083228832559056,1.393390409270387,10.66719487959971,86.14200797950745,0,-1,3.029112056805824,0.0,0.0,2.7420729315996617,2.7420729315996617,80.21719998214394,2.1737780421368624,3.2113263533852736,1
AC,AC,actor-critic + uniform replay,4,2,1.12,1.0,5.657272379538341,7596e6b368f3783f1c64eb1d7f1f585bdea5cb8b0cf73f6fb4229d3dd8a896dc,0.017391304347826,0.1547251617256025,57,0.0,0,0.0,0,0.0,0,0.4051187888024082,2.918663476364044,0.4051187888024082,10.219357706798917,88.00057568270539,0,-1,3.1964122012581018,0.0,0.0,3.3163524234459,3.3163524234459,76.49760000640526,3.082510230221665,3.534758474573584,2
AC,AC,actor-critic + uniform replay,4,3,1.18,1.0,5.445637199999661,70608b75de5b12baad5aaebc8d524e7251ac09a3666ee8553ddfb2c9f9d623ff,0.0347826086956521,0.1481172100633912,56,0.0,0,0.0,0,0.0,0,1.3536296250497766,2.3470555107916065,1.3536296250497766,10.200806333709274,88.93904067393827,0,-1,3.080757134765815,0.0,0.0,2.7966915238949,2.7966915238949,77.67779999994673,2.913334221299764,2.6749674156248804,3
AC,AC,actor-critic + uniform replay,4,4,1.24,1.0,5.704961761070841,ac3c04f294ae0cf9aa27c3b414335475feda76fe2b486e826cdf0fef5de31a97,0.0347826086956521,0.1523548225770826,49,0.0,0,0.0,0,0.0,0,0.9596044641625724,2.756793118201923,0.9596044641625724,10.301433866954708,90.80878667882622,0,-1,3.129018541151583,0.0,0.0,3.344648524053104,3.344648524053104,80.19430001149885,3.6878212068005527,2.9619794471895533,4
AC,AC,actor-critic + uniform replay,4,5,1.3,1.0,5.6831326570073895,e6d3418dd2c97d061d8e8e8dbef71628681a3da74c4636651e8dfd58a02910fa,0.0956521739130434,0.1455887420761465,59,0.0,0,0.0,0,0.0,0,1.5181645461908897,2.045146347782132,1.5181645461908897,10.313669411838314,86.02481035459795,0,-1,3.0232836068478504,0.0,0.0,2.746721176291499,2.746721176291499,80.61740000266582,2.623605414375315,2.864550413282484,5
AC,AC,actor-critic + uniform replay,4,6,1.36,1.0,5.70729603777079,0a2e44121d7ff992d031d82b6b594764ac07730c243e35e5cc713b9ff8e3ad9a,0.0217391304347825,0.1615658799631206,60,0.0,0,0.0,0,0.0,0,1.1770174239757458,2.3203327603765067,1.1770174239757458,10.293814325882066,88.88082407591494,0,-1,3.149409060222597,0.0,0.0,3.522324785985529,3.522324785985529,86.52269997401163,3.3969002683231078,3.643434144183535,6
AC,AC,actor-critic + uniform replay,4,7,1.42,1.0,5.717013563055489,dc941e301553d646874df003d187df21355bbbad3ac4e91d35e057823e6455fe,0.0739130434782608,0.1624580529571578,53,0.0,0,0.0,0,0.0,0,0.9802041610705442,2.599040880358503,0.9802041610705442,10.415219826525048,90.44683362264038,0,-1,3.1171332575665804,0.0,0.0,3.549888080327799,3.549888080327799,103.25449999072588,3.249004881374363,3.827189314172,7
AC,AC,actor-critic + uniform replay,4,8,1.48,1.0,5.735898238756906,7d181e39e48717790b37c364bbe5c062cd7a9539f5c355120bf8f518bf40581a,0.0521739130434782,0.172410036946246,55,0.0,0,0.0,0,0.0,0,1.8458365646010777,2.264309464678068,1.8458365646010777,10.425817276898576,88.4233763449832,0,-1,3.0635721136004945,0.0,0.0,3.684237581465004,3.684237581465004,75.17600001301616,3.364944616826733,3.97798451970932,8
AC,AC,actor-critic + uniform replay,4,9,1.54,1.0,5.717941596265592,c80765cc52d91c3d844ce1b6d1a2083955264f6182b151cf3c9b2018e5a0c423,0.0521739130434782,0.1599722705976452,56,0.0,0,0.0,0,0.0,0,0.1898607584538914,2.1926407736460147,0.1898607584538914,10.290384640667511,90.1840213064484,0,-1,3.121425256753058,0.0,0.0,5.08211203413583,5.08211203413583,78.9128000033088,5.259126246799235,4.898705602018134,9
AC+CBF,AC+CBF,actor-critic + CBF + uniform replay,0,0,1.0,1.0,5.587712135400749,1290502f5cc1479a39bc6122deed877d23d1bce160e08ae72c73bcc571644b84,0.017391304347826,0.1417645157079876,49,0.0,0,0.0,0,0.0,0,3.2723953072806817,4.137556464952122,3.2723953072806817,11.53654832474668,94.36552820861762,0,-1,3.2176363688258003,0.0506972246351255,0.3478260869565217,2.7838451772286747,2.7838451772286747,123.02290002116932,2.8623738697355865,2.703036028508246,0
AC+CBF,AC+CBF,actor-critic + CBF + uniform replay,0,1,1.06,1.0,6.041417523331396,f6e58b002b846aa4267cda0b2e2981838f73f75ca75bf5d2a362520b310a5904,0.0478260869565216,0.1420473057002858,54,0.0,0,0.0,0,0.0,0,2.462287096286081,5.4493448243963325,2.462287096286081,11.647863153254846,87.7270141958714,0,-1,2.9659725902232124,0.0706038230702454,0.2782608695652174,3.4134176202636395,3.4134176202636395,131.11849999404512,3.89853057686391,2.846805058642008,1
AC+CBF,AC+CBF,actor-critic + CBF + uniform replay,0,2,1.12,1.0,5.832792633869919,1842d6b48e65e0d845f28064a4d4f76b39d06f25382eba6e08249ef0e33ce533,0.0304347826086957,0.1399595651115591,54,0.0,0,0.0,0,0.0,0,2.7336321799825174,6.203593171999914,2.7336321799825174,11.46448363606544,87.13977507363235,0,-1,2.970070809359345,0.0657236986305395,0.2695652173913043,3.577919731384339,3.577919731384339,121.02140000206418,4.026512457488355,3.064346037599188,2
AC+CBF,AC+CBF,actor-critic + CBF + uniform replay,0,3,1.18,1.0,5.951156140022793,46ea4884edf0d2d0b527757a729d68cf9f1fd3b2fabfd6591af84f82c2602b72,0.017391304347826,0.1524116784961557,52,0.0,0,0.0,0,0.0,0,1.5976935881349603,5.305389778256789,1.5976935881349603,11.467164114576986,88.18953160082735,0,-1,2.9897309585001204,0.0716704709375468,0.3043478260869565,3.2517818404875123,3.2517818404875123,119.56339998869224,3.5459656347681308,2.9281902249157503,3
AC+CBF,AC+CBF,actor-critic + CBF + uniform replay,0,4,1.24,1.0,5.839845242505531,b0491bfd11ca6fcbe089bf0e5db6cc4754806de544a0d4f16a05ac5e63f7364f,0.0782608695652173,0.1491568713023484,59,0.0,0,0.0,0,0.0,0,2.181706551725568,4.859125597271999,2.181706551725568,11.228207650195762,88.63107491833871,0,-1,2.9943006093836786,0.0762153190788664,0.3130434782608696,3.675996890911805,3.675996890911805,111.33039998821914,3.6020674253680127,3.7484685602375207,4
AC+CBF,AC+CBF,actor-critic + CBF + uniform replay,0,5,1.3,1.0,5.874116338185192,ebeae7456964e82fb4b1a10e1e1c9f599b5b0d2eb001b0de6e2b0cd7afa80e72,0.0086956521739129,0.1565754079322125,65,0.0,0,0.0,0,0.0,0,2.25362714807327,4.90918245838513,2.25362714807327,11.138280660857369,89.41703863015742,0,-1,3.069059378396419,0.0806311964126449,0.3478260869565217,3.7021721908795295,3.7021721908795295,101.3717000023462,3.974506998808404,3.408144946780652,5
AC+CBF,AC+CBF,actor-critic + CBF + uniform replay,0,6,1.36,1.0,5.907268162239261,291357f8730d0569e5d924fe750842809c913891fcdeb2d6fd549cfbd69b5722,0.0391304347826086,0.1519452576187987,62,0.0,0,0.0,0,0.0,0,1.0582516105695023,4.808783180613166,1.0582516105695023,11.27936291991176,88.66137894882165,0,-1,2.987466094676308,0.0742600829178195,0.3130434782608696,3.9181495437130014,3.9181495437130014,118.85410000104456,4.38574034535786,3.386602031077337,6
AC+CBF,AC+CBF,actor-critic + CBF + uniform replay,0,7,1.42,1.0,5.818225891817182,13cb2f6395130d1e3c7cf1f5148694bfc1295285f769af058dd9fbaf01626bb7,0.0652173913043477,0.1666850351028523,57,0.0,0,0.0,0,0.0,0,1.1512598803002063,5.782204116944836,1.1512598803002063,11.324996620844257,87.15877502746258,0,-1,2.938602662306116,0.0766410328200075,0.3130434782608696,3.4589376898819224,3.4589376898819224,120.0519000121858,3.876956825422616,2.982902220787731,7
AC+CBF,AC+CBF,actor-critic + CBF + uniform replay,0,8,1.48,1.0,5.772705461211168,79fa959b972ab0033b20e30817c29d8193f16bf72c81dd0d6aad776374799d2d,0.0608695652173912,0.1643146425838269,54,0.0,0,0.0,0,0.0,0,1.2102520701247454,6.309309607711969,1.2102520701247454,11.18166765416246,86.69909992493083,0,-1,2.9370950316506668,0.066731890542225,0.2956521739130435,4.474091178477708,4.474091178477708,118.55519999517128,4.692978882368977,4.243928952786901,8
AC+CBF,AC+CBF,actor-critic + CBF + uniform replay,0,9,1.54,1.0,5.898073011336805,20650919392802bdf9e7744194b816b55707da2eb76474072ea5c7ddd49b5c01,0.0608695652173912,0.1763712207068929,56,0.0,0,0.0,0,0.0,0,0.2409606016873844,4.160284965803387,0.2409606016873844,11.18561768745045,88.9387161428806,0,-1,2.9696102517516314,0.0896163794936218,0.3130434782608696,4.79899362008503,4.79899362008503,143.8481000077445,5.67460226239648,3.7228441674126502,9
AC+CBF,AC+CBF,actor-critic + CBF + uniform replay,1,0,1.0,1.0,5.723250768468394,e8edde64e892ebb977ec4b1e3b5814b7d9685e100a04edf4f3dc4ff6189acfdf,0.0695652173913043,0.1359021002214868,51,0.0,0,0.0,0,0.0,0,3.7914142226066567,4.142401202218274,3.7914142226066567,11.979769432951832,98.86933019358052,0,-1,3.316055658812896,0.0494919538044442,0.3043478260869565,2.799488377691587,2.799488377691587,113.39839998981915,2.7173795814492467,2.8792565991907124,0
AC+CBF,AC+CBF,actor-critic + CBF + uniform replay,1,1,1.06,1.0,5.973590567567955,3db7b85512db5a6a4d1345606bbee7ab7e216f1eabc9cd4b0cbcfad23fb35fb8,0.0478260869565216,0.1394895016764791,51,0.0,0,0.0,0,0.0,0,2.496904189383928,5.812207588141197,2.496904189383928,11.622516347898827,87.11244473779115,0,-1,2.939453786154419,0.0741581221133897,0.2869565217391304,2.872671187953841,2.872671187953841,137.4486000277102,3.371450264922262,2.2666721464199173,1
AC+CBF,AC+CBF,actor-critic + CBF + uniform replay,1,2,1.12,1.0,5.861230368806677,2ba18529a4b500943ad609e0a74d6a99d1ad48bab163c87fa1ea8c86ee361358,0.0608695652173912,0.1382506680824534,64,0.0,0,0.0,0,0.0,0,1.7342800432535943,4.102837053217259,1.7342800432535943,11.363880238118975,89.58191353619756,0,-1,3.008230509243293,0.0809875348991202,0.3043478260869565,3.1789130905033693,3.1789130905033693,118.49130000337028,3.801308897361479,2.4002140614511487,2
AC+CBF,AC+CBF,actor-critic + CBF + uniform replay,1,3,1.18,1.0,5.9329147774473805,38c78961cb4d6e16083d2d825a353f49fd94e71c5e732c5a90d3cd29fc138c48,0.017391304347826,0.1550019709177601,51,0.0,0,0.0,0,0.0,0,2.4801872253151225,6.260584157210627,2.4801872253151225,11.500556550625882,86.95249971680649,0,-1,2.9617249320374195,0.0742759455230995,0.3304347826086956,3.5725460202859605,3.5725460202859605,126.8735000048764,3.324146825884052,3.8047625437190016,3
AC+CBF,AC+CBF,actor-critic + CBF + uniform replay,1,4,1.24,1.0,5.752304839833315,46f50b36dbd96a355c6621a61b833117852052254b98fa93bbbb8725d426308b,0.0652173913043477,0.1485740745288825,57,0.0,0,0.0,0,0.0,0,1.3115498036561508,5.190450186683318,1.3115498036561508,11.146160477701113,89.34333199202132,0,-1,3.0431718706620723,0.071227064153502,0.3130434782608696,4.200432586039286,4.200432586039286,118.64959998638368,4.389449161217299,4.002499704036231,4
AC+CBF,AC+CBF,actor-critic + CBF + uniform replay,1,5,1.3,1.0,5.6917339113410925,d2446016ac0d03e852a2b8b18cc53356235435eff02c45166fb96ec150809a79,0.0130434782608696,0.1563220208341262,60,0.0,0,0.0,0,0.0,0,1.9168120339161157,5.6567948020758845,1.9168120339161157,11.240839409111569,88.3152681523179,0,-1,3.0464912161260105,0.0697511876359743,0.3391304347826087,3.7613863649963655,3.7613863649963655,125.5282000056468,3.3000966885995764,4.171979939963189,5
AC+CBF,AC+CBF,actor-critic + CBF + uniform replay,1,6,1.36,1.0,5.850289816884623,a7a659024af26122fb7341d324f6faa89fdcf1a0426d162f9be24a684bcc0444,0.026086956521739,0.1553241374453545,50,0.0,0,0.0,0,0.0,0,1.872550239699683,5.976021790443623,1.872550239699683,11.41917843896834,86.66257914966063,0,-1,2.906042256627308,0.074119710412997,0.3217391304347826,3.295655513367797,3.295655513367797,111.80159999639729,3.2091804529679755,3.3799188371721858,6
AC+CBF,AC+CBF,actor-critic + CBF + uniform replay,1,7,1.42,1.0,5.902333205585987,39eb78d339619663a0cf9fc7636303b03e57b59a00cdc1e5470cf29b047c8208,0.026086956521739,0.1624331350521206,66,0.0,0,0.0,0,0.0,0,1.5334623215498944,5.361650156935808,1.5334623215498944,11.155296918412962,88.54607856707706,0,-1,3.02383163003094,0.0706234303354333,0.3043478260869565,4.082266437073774,4.082266437073774,146.86710000387393,3.747197216477167,4.391846029557933,7
AC+CBF,AC+CBF,actor-critic + CBF + uniform replay,1,8,1.48,1.0,5.7943396460877175,b7bece9fcd5d8109b4da0c46714d050abb9169d495eab385071daa80f785f004,0.0521739130434782,0.1598221055420095,55,0.0,0,0.0,0,0.0,0,1.5766176355788004,5.103488073674137,1.5766176355788004,11.377309662198872,88.42533239889418,0,-1,3.008441874766272,0.0676665146176477,0.3130434782608696,4.112429762028775,4.112429762028775,117.2237999853678,4.261028022819956,3.958256849167716,8
AC+CBF,AC+CBF,actor-critic + CBF + uniform replay,1,9,1.54,1.0,5.955960383881919,65fd49d28eb428bff39948f28fd355485786a0d7e3b753a043d087664ce8428c,0.0391304347826086,0.179610572795698,60,0.0,0,0.0,0,0.0,0,1.3842775202042743,4.994344080563354,1.3842775202042743,11.302100802624963,88.1030344887821,0,-1,2.965152468418883,0.0763468264188811,0.2956521739130435,4.413094820514357,4.413094820514357,119.4623000046704,4.514077053746222,4.309747108885058,9
AC+CBF,AC+CBF,actor-critic + CBF + uniform replay,2,0,1.0,1.0,5.675900794298862,406bff0b5cc8fd555824994fc19b69bfac67a3a8a0b294e0b4ba74c23f056f60,0.0695652173913043,0.1419470867836721,64,0.0,0,0.0,0,0.0,0,3.325107599484356,4.082415031997702,3.325107599484356,11.719306673648171,98.95813077674724,0,-1,3.3035302512660403,0.0490085319825926,0.2956521739130435,3.0297090436127885,3.0297090436127885,119.5904999913182,3.39248079543138,2.61712587212146,0
AC+CBF,AC+CBF,actor-critic + CBF + uniform replay,2,1,1.06,1.0,5.987531106067995,79fa3d150a7ba64b8aeb209e74a2f74ca3496f34c0148af55298c58da757bf8c,0.0478260869565216,0.1529968537818234,54,0.0,0,0.0,0,0.0,0,2.727375939822965,4.792965275834929,2.727375939822965,11.469465465415922,88.49672002883557,0,-1,2.9774948435496857,0.0757911438326193,0.3217391304347826,2.9054112737189537,2.9054112737189537,115.87909999070688,2.711261258971986,3.0873761877205745,1
AC+CBF,AC+CBF,actor-critic + CBF + uniform replay,2,2,1.12,1.0,5.876594483378079,59e262658804cddf4d8d2408a2dc03ef7f8082ae302b112042011185c81997d3,0.0347826086956521,0.1413673465387463,55,0.0,0,0.0,0,0.0,0,2.37615462627562,5.565465482434775,2.37615462627562,11.430432890482924,88.10767858969048,0,-1,3.0219934244367064,0.0711620820347339,0.3391304347826087,3.5780983896921894,3.5780983896921894,116.88379998668096,3.7626749928381247,3.3834676104414383,2
AC+CBF,AC+CBF,actor-critic + CBF + uniform replay,2,3,1.18,1.0,5.83591352823662,1f7f2dee6b7447aa9294f7fcc2d16347195cc3c1abe43ad08bb7a349da302248,0.0,0.1485607798309649,56,0.0,0,0.0,0,0.0,0,2.628335996213571,6.48343719489555,2.628335996213571,11.42099668113026,86.53185615431715,0,-1,2.957249869658163,0.0710886401024854,0.3391304347826087,2.84866819597944,2.84866819597944,124.78990000090562,2.8363483844555777,2.860934956192774,3
AC+CBF,AC+CBF,actor-critic + CBF + uniform replay,2,4,1.24,1.0,5.794538931490287,0e8ce06fa3720771908e3b931576390d9d265431da5b1e9d74266482217acc73,0.0086956521739129,0.1496754304612479,48,0.0,0,0.0,0,0.0,0,1.5087196266773324,5.490366165776442,1.5087196266773324,11.204856350478831,88.058107872859,0,-1,2.99362969742853,0.0719359747470598,0.3130434782608696,4.208560296652777,4.208560296652777,127.57110001984984,4.453317144392972,3.948661286129751,4
AC+CBF,AC+CBF,actor-critic + CBF + uniform replay,2,5,1.3,1.0,5.852886872226145,fdf14de5f48f65b0740bb224feca20380345f8f6d420808eb6de9a461a26ee70,0.0608695652173912,0.1548125181279571,58,0.0,0,0.0,0,0.0,0,2.564930429737477,5.313971685322241,2.564930429737477,11.328721276004885,87.77030507010414,0,-1,2.968744747951882,0.0708510594503062,0.2956521739130435,3.815891151848074,3.815891151848074,113.67689998587592,3.609947900507777,4.01127494957954,5
AC+CBF,AC+CBF,actor-critic + CBF + uniform replay,2,6,1.36,1.0,5.862181410524339,18fbd0676905f5cfe3388b4edd7b8adc8a327d23ff16fb5570682f02bbc58a9d,0.0478260869565216,0.1618867329736251,57,0.0,0,0.0,0,0.0,0,1.3423058080131085,6.891393886091393,1.3423058080131085,11.307066444183953,86.09133061603404,0,-1,2.924637882386727,0.0734407787576851,0.3043478260869565,3.817289741233171,3.817289741233171,135.46150000183843,4.246814369032205,3.332862081159317,6
AC+CBF,AC+CBF,actor-critic + CBF + uniform replay,2,7,1.42,1.0,5.86790638630678,a3369fa3191d0bf375e4e57fc0ca1a1bc041469c179e28e0008fab8056d212ab,0.0652173913043477,0.1650691079677373,55,0.0,0,0.0,0,0.0,0,2.4411002900729226,4.643716563718129,2.4411002900729226,11.18015141733523,88.03707146665985,0,-1,2.942114820276745,0.0904683550576047,0.3217391304347826,3.1647142089149254,3.1647142089149254,122.45269998675212,2.957461692956303,3.359204129390187,7
AC+CBF,AC+CBF,actor-critic + CBF + uniform replay,2,8,1.48,1.0,5.881796984148047,91bcbfbfacdce1c9b7980c4de4e36608968fd3dd3a6e0c052f321d6bb8e10c37,0.0434782608695651,0.1728951812694774,63,0.0,0,0.0,0,0.0,0,1.3906443636575283,4.680241991618309,1.3906443636575283,11.178981028789236,88.25738257405871,0,-1,2.956200192138096,0.0862343384714646,0.3391304347826087,4.0729953942596575,4.0729953942596575,120.58270000852644,4.375679532668155,3.745932673008121,8
AC+CBF,AC+CBF,actor-critic + CBF + uniform replay,2,9,1.54,1.0,5.944680166276626,7463c08cf9720fa1a91611ab930db3957842784619f8d72a3d528a9924d4b662,0.0956521739130434,0.1743049140763325,55,0.0,0,0.0,0,0.0,0,0.3927899890938918,4.731144033111348,0.3927899890938918,11.125055883123412,88.07175651783555,0,-1,2.942570794703349,0.0850232306391774,0.3130434782608696,4.406286257866792,4.406286257866792,117.2575999808032,5.225839978126666,3.394306069809342,9
AC+CBF,AC+CBF,actor-critic + CBF + uniform replay,3,0,1.0,1.0,5.611365623628189,40077ea3bdd754003ee403c8647f5c7a881625b45d34c91883061194222efdc2,0.0391304347826086,0.1443618778975431,53,0.0,0,0.0,0,0.0,0,2.954409472401423,4.0773403835777176,2.954409472401423,11.57661067487193,94.34489793841784,0,-1,3.1990159350741703,0.0540296475915351,0.3217391304347826,2.606403317879488,2.606403317879488,213.7959999963641,2.184665744287481,2.968823352212663,0
AC+CBF,AC+CBF,actor-critic + CBF + uniform replay,3,1,1.06,1.0,6.102935991956947,6bb35cde73ab78fc35b96f45fcd806c9ba08167057303cfa2a2c3f8659d30416,0.0086956521739129,0.1471068574016538,51,0.0,0,0.0,0,0.0,0,2.289802573096575,5.201654082512455,2.289802573096575,11.550177995802017,88.05403424449231,0,-1,2.976250166913557,0.0685574621412471,0.2782608695652174,3.3657070148188013,3.3657070148188013,175.07229998591356,3.549020397277564,3.171816772594025,1
AC+CBF,AC+CBF,actor-critic + CBF + uniform replay,3,2,1.12,1.0,5.966823084544304,810c6e92f86990aef82a235b44046e11ae43f44cc5f9c32e949e05de10b5d6a8,0.0,0.1609835159375067,58,0.0,0,0.0,0,0.0,0,3.8318547858648966,4.650841549753829,3.8318547858648966,11.342942121486727,88.49316564339789,0,-1,2.9968344769220585,0.0777698497570925,0.3130434782608696,3.019525772095687,3.019525772095687,139.40070001990534,2.5927260205828704,3.393058142574722,2
AC+CBF,AC+CBF,actor-critic + CBF + uniform replay,3,3,1.18,1.0,5.79430841603977,630136ba579eba5eae2cbd350727969748be67c672c97c225ced0268201e4bd4,0.0,0.156736337113168,52,0.0,0,0.0,0,0.0,0,3.7301549935441214,6.81418741122595,3.7301549935441214,11.463656794647129,85.8559341630151,0,-1,2.8962483875294893,0.0793176134402884,0.3565217391304348,2.8797948852995696,2.8797948852995696,131.28400000277907,2.9730321886442725,2.7834361440636943,3
AC+CBF,AC+CBF,actor-critic + CBF + uniform replay,3,4,1.24,1.0,5.907382973829916,bcf4a2fd04e8f91ac9fbf2b899138391293f93d4744dd3caa839eb84b43ff1e6,0.0304347826086957,0.1567497088146984,62,0.0,0,0.0,0,0.0,0,2.272697270664412,4.416231661904893,2.272697270664412,11.318208148313444,88.45483971336857,0,-1,2.9551113594178027,0.088626848425566,0.3304347826086956,3.180849524150294,3.180849524150294,124.16720000328496,3.294568048000832,3.0629118119309773,4
AC+CBF,AC+CBF,actor-critic + CBF + uniform replay,3,5,1.3,1.0,5.774902596522976,50a360ad042daf129acd66f4c2a1d4cf27469d9b86b110d10c4647ebbeddd339,0.0782608695652173,0.1516621742885754,62,0.0,0,0.0,0,0.0,0,2.360693254700572,4.870246046452678,2.360693254700572,11.358039976792202,88.72851240230148,0,-1,2.9996300268721736,0.0776278867150513,0.3304347826086956,3.0695386759357053,3.0695386759357053,122.42040000273846,3.1246440244160314,3.013425805758528,5
AC+CBF,AC+CBF,actor-critic + CBF + uniform replay,3,6,1.36,1.0,5.763606378739414,88c52520be2fbd17fccf696aec12b48a8b9774301aeeb4babd7f9939f2ad305c,0.017391304347826,0.1587652057290914,63,0.0,0,0.0,0,0.0,0,2.0780487657884232,5.14873346556978,2.0780487657884232,11.12374114569821,88.58607413024365,0,-1,3.030007829617357,0.0731232062650435,0.3130434782608696,4.261692012558922,4.261692012558922,128.94860000233166,4.370741673166499,4.14977768636619,6
AC+CBF,AC+CBF,actor-critic + CBF + uniform replay,3,7,1.42,1.0,5.801143724892466,077c6720be08da190dadc285a3941b3046b426a47ad0b0b6473a524c1da2095f,0.017391304347826,0.1579453424828324,55,0.0,0,0.0,0,0.0,0,2.2713104989577437,5.326809661496659,2.2713104989577437,11.340613664719488,88.17248237098417,0,-1,3.00535495857676,0.0728909491230477,0.3130434782608696,3.421800078183309,3.421800078183309,137.40700000198558,3.1299518822039865,3.690641240380636,7
AC+CBF,AC+CBF,actor-critic + CBF + uniform replay,3,8,1.48,1.0,5.812315277511442,b7666c116c120b2fa0edcdc335212eeaec03893a9195710f0f596ca6fb4a93bd,0.0652173913043477,0.1540703331253426,57,0.0,0,0.0,0,0.0,0,1.5380330470554482,4.9453394969358,1.5380330470554482,11.10959472732415,88.49755411375921,0,-1,3.014813204575834,0.0717591047344656,0.3130434782608696,4.361639814557888,4.361639814557888,120.04239999805576,4.318368629263344,4.404485909350531,8
AC+CBF,AC+CBF,actor-critic + CBF + uniform replay,3,9,1.54,1.0,5.866474979841407,ed93c408619c002b528328c7a26c6d3a6f0ee82b55311bef14fe43f617ccb3bc,0.026086956521739,0.1835266481178063,63,0.0,0,0.0,0,0.0,0,1.4638014310282306,5.384255620971055,1.4638014310282306,11.22448504607006,88.27401109248349,0,-1,3.0321647232270093,0.0745974620132494,0.3130434782608696,3.8995790789057896,3.8995790789057896,123.26960000791588,3.5247417984790586,4.241418305158555,9
AC+CBF,AC+CBF,actor-critic + CBF + uniform replay,4,0,1.0,1.0,5.7764700020012265,3a6b95a4d7ee9265b0e3836f8fceeec64c13bf6f9553de19a53f58b5863db929,0.0391304347826086,0.1408728280172949,58,0.0,0,0.0,0,0.0,0,2.6559342707200533,3.301524352135268,2.6559342707200533,11.646711340509446,95.24619072151532,0,-1,3.220275367861449,0.0651101459459075,0.3304347826086956,2.4096644913374803,2.4096644913374803,116.90200000884944,2.530698400751749,2.2822207443755254,0
AC+CBF,AC+CBF,actor-critic + CBF + uniform replay,4,1,1.06,1.0,5.944112631782621,0c0058140f4209bd2f166f1b02c5b5f7b2d7d2924518f5fccd7604945828c8d7,0.0478260869565216,0.1413443359087037,53,0.0,0,0.0,0,0.0,0,4.823371993127509,7.869233399099531,4.823371993127509,11.753592855926389,82.49930475376864,0,-1,2.814421797721416,0.0622996682543339,0.3304347826086956,2.7420729315996617,2.7420729315996617,121.97579999337904,2.1737780421368624,3.2113263533852736,1
AC+CBF,AC+CBF,actor-critic + CBF + uniform replay,4,2,1.12,1.0,5.843064687183232,7596e6b368f3783f1c64eb1d7f1f585bdea5cb8b0cf73f6fb4229d3dd8a896dc,0.017391304347826,0.1547251617256025,57,0.0,0,0.0,0,0.0,0,2.476033515032541,5.377303653904245,2.476033515032541,11.457797810165896,88.22450189235647,0,-1,3.004480126272803,0.0755919099989927,0.3304347826086956,3.3163524234459,3.3163524234459,115.9153999760747,3.082510230221665,3.534758474573584,2
AC+CBF,AC+CBF,actor-critic + CBF + uniform replay,4,3,1.18,1.0,5.69685968191888,70608b75de5b12baad5aaebc8d524e7251ac09a3666ee8553ddfb2c9f9d623ff,0.0347826086956521,0.1481172100633912,56,0.0,0,0.0,0,0.0,0,2.8798966186271007,6.791735948149339,2.8798966186271007,11.320197819584832,85.86757353777558,0,-1,2.889846683593089,0.0762485727496033,0.3565217391304348,2.7966915238949,2.7966915238949,126.22389997704886,2.913334221299764,2.6749674156248804,3
AC+CBF,AC+CBF,actor-critic + CBF + uniform replay,4,4,1.24,1.0,5.924182478571196,ac3c04f294ae0cf9aa27c3b414335475feda76fe2b486e826cdf0fef5de31a97,0.0347826086956521,0.1523548225770826,49,0.0,0,0.0,0,0.0,0,2.67570795792568,4.448403441062246,2.67570795792568,11.370367222322384,88.95759720252985,0,-1,3.001628781387156,0.0793673886817256,0.3217391304347826,3.344648524053104,3.344648524053104,130.3009999974165,3.6878212068005527,2.9619794471895533,4
AC+CBF,AC+CBF,actor-critic + CBF + uniform replay,4,5,1.3,1.0,5.8701861822350905,e6d3418dd2c97d061d8e8e8dbef71628681a3da74c4636651e8dfd58a02910fa,0.0956521739130434,0.1455887420761465,59,0.0,0,0.0,0,0.0,0,4.320391505216789,7.257150258272143,4.320391505216789,11.573917267038912,84.33720697831458,0,-1,2.8608798168738194,0.0725684559532733,0.3217391304347826,2.746721176291499,2.746721176291499,118.38639999041334,2.623605414375315,2.864550413282484,5
AC+CBF,AC+CBF,actor-critic + CBF + uniform replay,4,6,1.36,1.0,5.850255339947859,0a2e44121d7ff992d031d82b6b594764ac07730c243e35e5cc713b9ff8e3ad9a,0.0217391304347825,0.1615658799631206,60,0.0,0,0.0,0,0.0,0,1.7316612964915516,4.255007978221539,1.7316612964915516,11.211691161464902,89.1435380208864,0,-1,2.996645547095109,0.0813983361065907,0.3043478260869565,3.522324785985529,3.522324785985529,122.25259997649118,3.3969002683231078,3.643434144183535,6
AC+CBF,AC+CBF,actor-critic + CBF + uniform replay,4,7,1.42,1.0,6.023688857596991,dc941e301553d646874df003d187df21355bbbad3ac4e91d35e057823e6455fe,0.0739130434782608,0.1624580529571578,53,0.0,0,0.0,0,0.0,0,1.7311488592560709,5.367481157150037,1.7311488592560709,11.393372867000645,87.14550885469585,0,-1,2.908442743086089,0.0773864368207126,0.3043478260869565,3.549888080327799,3.549888080327799,117.70869998144916,3.249004881374363,3.827189314172,7
AC+CBF,AC+CBF,actor-critic + CBF + uniform replay,4,8,1.48,1.0,5.941627851839431,7d181e39e48717790b37c364bbe5c062cd7a9539f5c355120bf8f518bf40581a,0.0521739130434782,0.172410036946246,55,0.0,0,0.0,0,0.0,0,2.3284653559008883,6.277751878453788,2.3284653559008883,11.447763623132518,86.23782604591544,0,-1,2.8758881841218944,0.0804665306971864,0.3043478260869565,3.684237581465004,3.684237581465004,105.89219999383204,3.364944616826733,3.97798451970932,8
AC+CBF,AC+CBF,actor-critic + CBF + uniform replay,4,9,1.54,1.0,5.956910558029221,c80765cc52d91c3d844ce1b6d1a2083955264f6182b151cf3c9b2018e5a0c423,0.0521739130434782,0.1599722705976452,56,0.0,0,0.0,0,0.0,0,1.4166415518418018,5.470723930666646,1.4166415518418018,11.369313576489224,87.8055856294442,0,-1,2.9946056605544964,0.0711103464096575,0.2956521739130435,5.08211203413583,5.08211203413583,121.03069998556748,5.259126246799235,4.898705602018134,9
AC+CBF+PER,AC+CBF+PER,actor-critic + CBF + TD-priority replay,0,0,1.0,1.0,5.587712135400749,1290502f5cc1479a39bc6122deed877d23d1bce160e08ae72c73bcc571644b84,0.017391304347826,0.1417645157079876,49,0.0,0,0.0,0,0.0,0,3.2723953072806817,4.137556464952122,3.2723953072806817,11.53654832474668,94.36552820861762,0,-1,3.2176363688258003,0.0506972246351255,0.3478260869565217,2.7838451772286747,2.7838451772286747,114.68839997542092,2.8623738697355865,2.703036028508246,0
AC+CBF+PER,AC+CBF+PER,actor-critic + CBF + TD-priority replay,0,1,1.06,1.0,5.977331127961524,f6e58b002b846aa4267cda0b2e2981838f73f75ca75bf5d2a362520b310a5904,0.0478260869565216,0.1420473057002858,54,0.0,0,0.0,0,0.0,0,2.3126384548169314,5.447438306646204,2.3126384548169314,11.6096177302883,87.7297087142093,0,-1,2.9650063982951025,0.0701546963586706,0.2869565217391304,3.4134176202636395,3.4134176202636395,122.80650000320747,3.89853057686391,2.846805058642008,1
AC+CBF+PER,AC+CBF+PER,actor-critic + CBF + TD-priority replay,0,2,1.12,1.0,5.667195065663943,1842d6b48e65e0d845f28064a4d4f76b39d06f25382eba6e08249ef0e33ce533,0.0304347826086957,0.1399595651115591,54,0.0,0,0.0,0,0.0,0,3.46442149565645,5.632574624094736,3.46442149565645,11.333544153925269,87.9852898761132,0,-1,2.9974766334405314,0.0670820831903911,0.2956521739130435,3.577919731384339,3.577919731384339,111.31200002273545,4.026512457488355,3.064346037599188,2
AC+CBF+PER,AC+CBF+PER,actor-critic + CBF + TD-priority replay,0,3,1.18,1.0,5.747666491906891,46ea4884edf0d2d0b527757a729d68cf9f1fd3b2fabfd6591af84f82c2602b72,0.017391304347826,0.1524116784961557,52,0.0,0,0.0,0,0.0,0,1.291294698752074,4.864965534427116,1.291294698752074,11.229219256393582,89.31556699534514,0,-1,3.0409545545098906,0.075892404173742,0.3478260869565217,3.2517818404875123,3.2517818404875123,122.3935000016354,3.5459656347681308,2.9281902249157503,3
AC+CBF+PER,AC+CBF+PER,actor-critic + CBF + TD-priority replay,0,4,1.24,1.0,5.674267253686149,b0491bfd11ca6fcbe089bf0e5db6cc4754806de544a0d4f16a05ac5e63f7364f,0.0782608695652173,0.1491568713023484,59,0.0,0,0.0,0,0.0,0,1.3583000721056977,4.861755177963237,1.3583000721056977,11.022942304359544,88.62634434843604,0,-1,2.99521064320658,0.0777854719608945,0.3304347826086956,3.675996890911805,3.675996890911805,126.14239999675192,3.6020674253680127,3.7484685602375207,4
AC+CBF+PER,AC+CBF+PER,actor-critic + CBF + TD-priority replay,0,5,1.3,1.0,5.695197682931093,ebeae7456964e82fb4b1a10e1e1c9f599b5b0d2eb001b0de6e2b0cd7afa80e72,0.0086956521739129,0.1565754079322125,65,0.0,0,0.0,0,0.0,0,0.8400553905569985,4.614133525341708,0.8400553905569985,10.845548713314788,89.31184025270126,0,-1,3.0311675559443807,0.0824330619779355,0.3478260869565217,3.7021721908795295,3.7021721908795295,122.34349999926052,3.974506998808404,3.408144946780652,5
AC+CBF+PER,AC+CBF+PER,actor-critic + CBF + TD-priority replay,0,6,1.36,1.0,5.690702748273861,291357f8730d0569e5d924fe750842809c913891fcdeb2d6fd549cfbd69b5722,0.0391304347826086,0.1519452576187987,62,0.0,0,0.0,0,0.0,0,0.0995391786838079,4.834648964372682,0.0995391786838079,10.95750537237791,88.60366539116733,0,-1,2.986597630565061,0.0780882525677999,0.3130434782608696,3.9181495437130014,3.9181495437130014,129.72490000538528,4.38574034535786,3.386602031077337,6
AC+CBF+PER,AC+CBF+PER,actor-critic + CBF + TD-priority replay,0,7,1.42,1.0,5.648940739011036,13cb2f6395130d1e3c7cf1f5148694bfc1295285f769af058dd9fbaf01626bb7,0.0652173913043477,0.1666850351028523,57,0.0,0,0.0,0,0.0,0,0.0449647092275767,5.788958530236624,0.0449647092275767,11.039152194584949,87.15067393249373,0,-1,2.9411414476135667,0.0842786575591321,0.3130434782608696,3.4589376898819224,3.4589376898819224,135.8141000091564,3.876956825422616,2.982902220787731,7
AC+CBF+PER,AC+CBF+PER,actor-critic + CBF + TD-priority replay,0,8,1.48,1.0,16.079670981730523,79fa959b972ab0033b20e30817c29d8193f16bf72c81dd0d6aad776374799d2d,0.0608695652173912,0.1643146425838269,54,0.017391304347826,2,0.0,0,0.017391304347826,2,-0.0902972920551498,5.662845951699637,-0.0902972920551498,10.9027592016396,86.57611624836818,0,-1,2.9370335265957817,0.0740769050647043,0.3565217391304348,4.474091178477708,4.474091178477708,122.55279999226332,4.692978882368977,4.243928952786901,8
AC+CBF+PER,AC+CBF+PER,actor-critic + CBF + TD-priority replay,0,9,1.54,1.0,21.348255600241945,20650919392802bdf9e7744194b816b55707da2eb76474072ea5c7ddd49b5c01,0.0608695652173912,0.1763712207068929,56,0.0260869565217391,3,0.0,0,0.0260869565217391,3,-0.6364612986791696,3.8929892927712566,-0.6364612986791696,10.83050945110507,89.49439260378276,0,-1,2.9929934399312423,0.0957021629703378,0.3304347826086956,4.79899362008503,4.79899362008503,150.64069998334162,5.67460226239648,3.7228441674126502,9
AC+CBF+PER,AC+CBF+PER,actor-critic + CBF + TD-priority replay,1,0,1.0,1.0,5.723250768468394,e8edde64e892ebb977ec4b1e3b5814b7d9685e100a04edf4f3dc4ff6189acfdf,0.0695652173913043,0.1359021002214868,51,0.0,0,0.0,0,0.0,0,3.7914142226066567,4.142401202218274,3.7914142226066567,11.979769432951832,98.86933019358052,0,-1,3.316055658812896,0.0494919538044442,0.3043478260869565,2.799488377691587,2.799488377691587,120.4747000010684,2.7173795814492467,2.8792565991907124,0
AC+CBF+PER,AC+CBF+PER,actor-critic + CBF + TD-priority replay,1,1,1.06,1.0,5.812737527974781,3db7b85512db5a6a4d1345606bbee7ab7e216f1eabc9cd4b0cbcfad23fb35fb8,0.0478260869565216,0.1394895016764791,51,0.0,0,0.0,0,0.0,0,2.328357980436413,5.734417743954315,2.328357980436413,11.595668519410587,87.20310015328911,0,-1,2.937570050861252,0.0733694146882314,0.3130434782608696,2.872671187953841,2.872671187953841,107.24949999712408,3.371450264922262,2.2666721464199173,1
AC+CBF+PER,AC+CBF+PER,actor-critic + CBF + TD-priority replay,1,2,1.12,1.0,5.7198723597987176,2ba18529a4b500943ad609e0a74d6a99d1ad48bab163c87fa1ea8c86ee361358,0.0608695652173912,0.1382506680824534,64,0.0,0,0.0,0,0.0,0,1.1835550352441604,3.924687009439693,1.1835550352441604,11.159530094815912,90.21421582717764,0,-1,3.0380591980502563,0.0824129154100424,0.3217391304347826,3.1789130905033693,3.1789130905033693,111.46569999982604,3.801308897361479,2.4002140614511487,2
AC+CBF+PER,AC+CBF+PER,actor-critic + CBF + TD-priority replay,1,3,1.18,1.0,5.722745292130618,38c78961cb4d6e16083d2d825a353f49fd94e71c5e732c5a90d3cd29fc138c48,0.017391304347826,0.1550019709177601,51,0.0,0,0.0,0,0.0,0,2.3945232236643688,5.221652451810469,2.3945232236643688,11.24340466052565,88.45377225228734,0,-1,3.002332327086874,0.0797375227574651,0.3826086956521739,3.5725460202859605,3.5725460202859605,119.35719999019057,3.324146825884052,3.8047625437190016,3
AC+CBF+PER,AC+CBF+PER,actor-critic + CBF + TD-priority replay,1,4,1.24,1.0,5.650667028269062,46f50b36dbd96a355c6621a61b833117852052254b98fa93bbbb8725d426308b,0.0652173913043477,0.1485740745288825,57,0.0,0,0.0,0,0.0,0,0.3370783178063719,5.018706520402817,0.3370783178063719,10.922579421681682,88.98809007119965,0,-1,3.0222884521956104,0.0713599215570149,0.3217391304347826,4.200432586039286,4.200432586039286,128.40580000192858,4.389449161217299,4.002499704036231,4
AC+CBF+PER,AC+CBF+PER,actor-critic + CBF + TD-priority replay,1,5,1.3,1.0,5.584439357139278,d2446016ac0d03e852a2b8b18cc53356235435eff02c45166fb96ec150809a79,0.0130434782608696,0.1563220208341262,60,0.0,0,0.0,0,0.0,0,1.212998184449687,5.80709577603489,1.212998184449687,11.058503342730178,87.55505611575065,0,-1,2.9916350031545846,0.0738304595004028,0.3391304347826087,3.7613863649963655,3.7613863649963655,122.98159999772906,3.3000966885995764,4.171979939963189,5
AC+CBF+PER,AC+CBF+PER,actor-critic + CBF + TD-priority replay,1,6,1.36,1.0,5.645490213207082,a7a659024af26122fb7341d324f6faa89fdcf1a0426d162f9be24a684bcc0444,0.026086956521739,0.1553241374453545,50,0.0,0,0.0,0,0.0,0,0.6874416922307253,5.968813481487026,0.6874416922307253,11.020809206787026,86.67768650640011,0,-1,2.903147363180943,0.0823897052688355,0.3565217391304348,3.295655513367797,3.295655513367797,118.95530001493172,3.2091804529679755,3.3799188371721858,6
AC+CBF+PER,AC+CBF+PER,actor-critic + CBF + TD-priority replay,1,7,1.42,1.0,5.679267191599765,39eb78d339619663a0cf9fc7636303b03e57b59a00cdc1e5470cf29b047c8208,0.026086956521739,0.1624331350521206,66,0.0,0,0.0,0,0.0,0,0.4455322074671197,5.312456536354729,0.4455322074671197,10.792576434157366,88.43018759207361,0,-1,3.008427294946813,0.0761530599013266,0.3217391304347826,4.082266437073774,4.082266437073774,121.5352999861352,3.747197216477167,4.391846029557933,7
AC+CBF+PER,AC+CBF+PER,actor-critic + CBF + TD-priority replay,1,8,1.48,1.0,5.600431072731066,b7bece9fcd5d8109b4da0c46714d050abb9169d495eab385071daa80f785f004,0.0521739130434782,0.1598221055420095,55,0.0,0,0.0,0,0.0,0,0.3118935184527022,5.1134568500891735,0.3118935184527022,10.972164391807745,88.3895112589229,0,-1,3.005522620018847,0.074708774781241,0.3478260869565217,4.112429762028775,4.112429762028775,128.28629999421537,4.261028022819956,3.958256849167716,8
AC+CBF+PER,AC+CBF+PER,actor-critic + CBF + TD-priority replay,1,9,1.54,1.0,10.8455081886416,65fd49d28eb428bff39948f28fd355485786a0d7e3b753a043d087664ce8428c,0.0391304347826086,0.179610572795698,60,0.008695652173913,1,0.0,0,0.008695652173913,1,-0.0497445639912247,5.630870118604772,-0.0497445639912247,10.832591462588995,87.26226158095726,0,-1,2.939862738246834,0.0821005770075101,0.3478260869565217,4.413094820514357,4.413094820514357,118.613099999493,4.514077053746222,4.309747108885058,9
AC+CBF+PER,AC+CBF+PER,actor-critic + CBF + TD-priority replay,2,0,1.0,1.0,5.675900794298862,406bff0b5cc8fd555824994fc19b69bfac67a3a8a0b294e0b4ba74c23f056f60,0.0695652173913043,0.1419470867836721,64,0.0,0,0.0,0,0.0,0,3.325107599484356,4.082415031997702,3.325107599484356,11.719306673648171,98.95813077674724,0,-1,3.3035302512660403,0.0490085319825926,0.2956521739130435,3.0297090436127885,3.0297090436127885,112.46130001381972,3.39248079543138,2.61712587212146,0
AC+CBF+PER,AC+CBF+PER,actor-critic + CBF + TD-priority replay,2,1,1.06,1.0,5.892603845306498,79fa3d150a7ba64b8aeb209e74a2f74ca3496f34c0148af55298c58da757bf8c,0.0478260869565216,0.1529968537818234,54,0.0,0,0.0,0,0.0,0,2.548914753818135,4.79317731971706,2.548914753818135,11.483587858135932,88.4675518425044,0,-1,2.9774833143518142,0.0775047001184086,0.3478260869565217,2.9054112737189537,2.9054112737189537,112.16819999390282,2.711261258971986,3.0873761877205745,1
AC+CBF+PER,AC+CBF+PER,actor-critic + CBF + TD-priority replay,2,2,1.12,1.0,5.767235926644967,59e262658804cddf4d8d2408a2dc03ef7f8082ae302b112042011185c81997d3,0.0347826086956521,0.1413673465387463,55,0.0,0,0.0,0,0.0,0,2.0563235739433807,5.554437219769063,2.0563235739433807,11.361068519033749,88.15041674162514,0,-1,3.0259241261293326,0.070756094521374,0.3304347826086956,3.5780983896921894,3.5780983896921894,116.68180002016015,3.7626749928381247,3.3834676104414383,2
AC+CBF+PER,AC+CBF+PER,actor-critic + CBF + TD-priority replay,2,3,1.18,1.0,5.672837970721814,1f7f2dee6b7447aa9294f7fcc2d16347195cc3c1abe43ad08bb7a349da302248,0.0,0.1485607798309649,56,0.0,0,0.0,0,0.0,0,2.6485441992857406,5.894875726050988,2.6485441992857406,11.408921390967349,87.35767290201375,0,-1,2.994396218124463,0.068784568090667,0.3478260869565217,2.84866819597944,2.84866819597944,118.61320000025444,2.8363483844555777,2.860934956192774,3
AC+CBF+PER,AC+CBF+PER,actor-critic + CBF + TD-priority replay,2,4,1.24,1.0,5.645522789190219,0e8ce06fa3720771908e3b931576390d9d265431da5b1e9d74266482217acc73,0.0086956521739129,0.1496754304612479,48,0.0,0,0.0,0,0.0,0,0.92542240343709,5.454733389563563,0.92542240343709,11.02532664956737,88.1246820910136,0,-1,2.996513817996647,0.0759127867097141,0.3478260869565217,4.208560296652777,4.208560296652777,119.30239998036996,4.453317144392972,3.948661286129751,4
AC+CBF+PER,AC+CBF+PER,actor-critic + CBF + TD-priority replay,2,5,1.3,1.0,5.660186526177204,fdf14de5f48f65b0740bb224feca20380345f8f6d420808eb6de9a461a26ee70,0.0608695652173912,0.1548125181279571,58,0.0,0,0.0,0,0.0,0,1.5928942881385244,4.8794513456422965,1.5928942881385244,11.114770478494474,88.46604687038851,0,-1,2.994106933300008,0.0764335401574377,0.3130434782608696,3.815891151848074,3.815891151848074,118.35800000699236,3.609947900507777,4.01127494957954,5
AC+CBF+PER,AC+CBF+PER,actor-critic + CBF + TD-priority replay,2,6,1.36,1.0,5.671458946442017,18fbd0676905f5cfe3388b4edd7b8adc8a327d23ff16fb5570682f02bbc58a9d,0.0478260869565216,0.1618867329736251,57,0.0,0,0.0,0,0.0,0,0.5436081933211323,6.188597188012504,0.5436081933211323,11.108256327925158,86.86768253678659,0,-1,2.9374546799493357,0.0773505460271039,0.3130434782608696,3.817289741233171,3.817289741233171,115.40530002093874,4.246814369032205,3.332862081159317,6
AC+CBF+PER,AC+CBF+PER,actor-critic + CBF + TD-priority replay,2,7,1.42,1.0,5.613276362555279,a3369fa3191d0bf375e4e57fc0ca1a1bc041469c179e28e0008fab8056d212ab,0.0652173913043477,0.1650691079677373,55,0.0,0,0.0,0,0.0,0,0.9064685893821868,5.46272143566198,0.9064685893821868,10.833435784604555,87.1260368475664,0,-1,2.9123386778469897,0.0870941139057514,0.3304347826086956,3.1647142089149254,3.1647142089149254,122.68020000192335,2.957461692956303,3.359204129390187,7
AC+CBF+PER,AC+CBF+PER,actor-critic + CBF + TD-priority replay,2,8,1.48,1.0,26.48058798477421,91bcbfbfacdce1c9b7980c4de4e36608968fd3dd3a6e0c052f321d6bb8e10c37,0.0434782608695651,0.1728951812694774,63,0.0347826086956521,4,0.0,0,0.0347826086956521,4,-0.6616001780429509,5.158301582251859,-0.6616001780429509,10.81510827698862,87.58545438431908,0,-1,2.932895070045239,0.0874446628412992,0.3304347826086956,4.0729953942596575,4.0729953942596575,133.59019998461008,4.375679532668155,3.745932673008121,8
AC+CBF+PER,AC+CBF+PER,actor-critic + CBF + TD-priority replay,2,9,1.54,1.0,5.707892742364264,7463c08cf9720fa1a91611ab930db3957842784619f8d72a3d528a9924d4b662,0.0956521739130434,0.1743049140763325,55,0.0,0,0.0,0,0.0,0,0.3788339386361139,4.065281719689098,0.3788339386361139,10.921406279682142,89.23451754483672,0,-1,2.989851199401766,0.0894461137517739,0.3391304347826087,4.406286257866792,4.406286257866792,209.88610002677888,5.225839978126666,3.394306069809342,9
AC+CBF+PER,AC+CBF+PER,actor-critic + CBF + TD-priority replay,3,0,1.0,1.0,5.611365623628189,40077ea3bdd754003ee403c8647f5c7a881625b45d34c91883061194222efdc2,0.0391304347826086,0.1443618778975431,53,0.0,0,0.0,0,0.0,0,2.954409472401423,4.0773403835777176,2.954409472401423,11.57661067487193,94.34489793841784,0,-1,3.1990159350741703,0.0540296475915351,0.3217391304347826,2.606403317879488,2.606403317879488,136.56990000163205,2.184665744287481,2.968823352212663,0
AC+CBF+PER,AC+CBF+PER,actor-critic + CBF + TD-priority replay,3,1,1.06,1.0,5.850844306140917,6bb35cde73ab78fc35b96f45fcd806c9ba08167057303cfa2a2c3f8659d30416,0.0086956521739129,0.1471068574016538,51,0.0,0,0.0,0,0.0,0,2.465296395040159,4.777677623904997,2.465296395040159,11.392072816715167,88.98510393327349,0,-1,3.0349503602232804,0.069917853095817,0.2869565217391304,3.3657070148188013,3.3657070148188013,139.15480001014657,3.549020397277564,3.171816772594025,1
AC+CBF+PER,AC+CBF+PER,actor-critic + CBF + TD-priority replay,3,2,1.12,1.0,5.783505910467648,810c6e92f86990aef82a235b44046e11ae43f44cc5f9c32e949e05de10b5d6a8,0.0,0.1609835159375067,58,0.0,0,0.0,0,0.0,0,3.436347126132172,4.626334448228034,3.436347126132172,11.244483111369709,88.54520449765897,0,-1,3.002271690413288,0.0766402223930171,0.3130434782608696,3.019525772095687,3.019525772095687,109.1496000008192,2.5927260205828704,3.393058142574722,2
AC+CBF+PER,AC+CBF+PER,actor-critic + CBF + TD-priority replay,3,3,1.18,1.0,5.722690467020082,630136ba579eba5eae2cbd350727969748be67c672c97c225ced0268201e4bd4,0.0,0.156736337113168,52,0.0,0,0.0,0,0.0,0,3.324024303711595,6.001152748953079,3.324024303711595,11.339597587501144,86.64956353128966,0,-1,2.9146453217894,0.0842221799044362,0.3565217391304348,2.8797948852995696,2.8797948852995696,123.30560002010316,2.9730321886442725,2.7834361440636943,3
AC+CBF+PER,AC+CBF+PER,actor-critic + CBF + TD-priority replay,3,4,1.24,1.0,5.7829403690603485,bcf4a2fd04e8f91ac9fbf2b899138391293f93d4744dd3caa839eb84b43ff1e6,0.0304347826086957,0.1567497088146984,62,0.0,0,0.0,0,0.0,0,1.2899555070510549,5.028768732271652,1.2899555070510549,11.146909867597197,87.70956718235529,0,-1,2.931293613733538,0.0882634060364986,0.3304347826086956,3.180849524150294,3.180849524150294,119.75660000462084,3.294568048000832,3.0629118119309773,4
AC+CBF+PER,AC+CBF+PER,actor-critic + CBF + TD-priority replay,3,5,1.3,1.0,5.620769810000674,50a360ad042daf129acd66f4c2a1d4cf27469d9b86b110d10c4647ebbeddd339,0.0782608695652173,0.1516621742885754,62,0.0,0,0.0,0,0.0,0,1.2121163973626974,4.949950968394626,1.2121163973626974,11.03656543632862,88.5649872117217,0,-1,2.9919689233495825,0.0820778558808063,0.3304347826086956,3.0695386759357053,3.0695386759357053,119.4619000016246,3.1246440244160314,3.013425805758528,5
AC+CBF+PER,AC+CBF+PER,actor-critic + CBF + TD-priority replay,3,6,1.36,1.0,5.637113988761073,88c52520be2fbd17fccf696aec12b48a8b9774301aeeb4babd7f9939f2ad305c,0.017391304347826,0.1587652057290914,63,0.0,0,0.0,0,0.0,0,0.4002138843018143,5.283786049505049,0.4002138843018143,10.842465173088504,88.1751868765843,0,-1,2.997178143090795,0.0769343057333599,0.3565217391304348,4.261692012558922,4.261692012558922,120.34090000088328,4.370741673166499,4.14977768636619,6
AC+CBF+PER,AC+CBF+PER,actor-critic + CBF + TD-priority replay,3,7,1.42,1.0,5.68008695506478,077c6720be08da190dadc285a3941b3046b426a47ad0b0b6473a524c1da2095f,0.017391304347826,0.1579453424828324,55,0.0,0,0.0,0,0.0,0,0.7360809254963213,5.397618712570676,0.7360809254963213,10.998462201957627,88.0594542775887,0,-1,2.9972205876396973,0.0790454582917323,0.3130434782608696,3.421800078183309,3.421800078183309,122.70750000607222,3.1299518822039865,3.690641240380636,7
AC+CBF+PER,AC+CBF+PER,actor-critic + CBF + TD-priority replay,3,8,1.48,1.0,5.619629609289827,b7666c116c120b2fa0edcdc335212eeaec03893a9195710f0f596ca6fb4a93bd,0.0652173913043477,0.1540703331253426,57,0.0,0,0.0,0,0.0,0,0.1423952718883986,4.953383724890728,0.1423952718883986,10.685427678686922,88.45477384939441,0,-1,3.011572224550749,0.0803225064858895,0.3478260869565217,4.361639814557888,4.361639814557888,128.3460999839008,4.318368629263344,4.404485909350531,8
AC+CBF+PER,AC+CBF+PER,actor-critic + CBF + TD-priority replay,3,9,1.54,1.0,21.25839200354771,ed93c408619c002b528328c7a26c6d3a6f0ee82b55311bef14fe43f617ccb3bc,0.026086956521739,0.1835266481178063,63,0.0260869565217391,3,0.0,0,0.0260869565217391,3,-0.1167978955389031,5.52820139694066,-0.1167978955389031,10.76024963850896,87.67559944353785,0,-1,2.982866697897076,0.0754125100678179,0.2956521739130435,3.8995790789057896,3.8995790789057896,128.74059999012388,3.5247417984790586,4.241418305158555,9
AC+CBF+PER,AC+CBF+PER,actor-critic + CBF + TD-priority replay,4,0,1.0,1.0,5.7764700020012265,3a6b95a4d7ee9265b0e3836f8fceeec64c13bf6f9553de19a53f58b5863db929,0.0391304347826086,0.1408728280172949,58,0.0,0,0.0,0,0.0,0,2.6559342707200533,3.301524352135268,2.6559342707200533,11.646711340509446,95.24619072151532,0,-1,3.220275367861449,0.0651101459459075,0.3304347826086956,2.4096644913374803,2.4096644913374803,104.00710001704284,2.530698400751749,2.2822207443755254,0
AC+CBF+PER,AC+CBF+PER,actor-critic + CBF + TD-priority replay,4,1,1.06,1.0,5.810656417774971,0c0058140f4209bd2f166f1b02c5b5f7b2d7d2924518f5fccd7604945828c8d7,0.0478260869565216,0.1413443359087037,53,0.0,0,0.0,0,0.0,0,4.944850307402196,7.694776807118295,4.944850307402196,11.73007318937604,84.3456532521401,0,-1,2.8590448721907458,0.068944678060437,0.3478260869565217,2.7420729315996617,2.7420729315996617,116.04649998480454,2.1737780421368624,3.2113263533852736,1
AC+CBF+PER,AC+CBF+PER,actor-critic + CBF + TD-priority replay,4,2,1.12,1.0,5.762616134374899,7596e6b368f3783f1c64eb1d7f1f585bdea5cb8b0cf73f6fb4229d3dd8a896dc,0.017391304347826,0.1547251617256025,57,0.0,0,0.0,0,0.0,0,1.8706890951152968,5.135276231506084,1.8706890951152968,11.29341029120661,88.71067773511736,0,-1,3.020848509940345,0.0809462941777409,0.3391304347826087,3.3163524234459,3.3163524234459,169.6183000167366,3.082510230221665,3.534758474573584,2
AC+CBF+PER,AC+CBF+PER,actor-critic + CBF + TD-priority replay,4,3,1.18,1.0,5.675828395237415,70608b75de5b12baad5aaebc8d524e7251ac09a3666ee8553ddfb2c9f9d623ff,0.0347826086956521,0.1481172100633912,56,0.0,0,0.0,0,0.0,0,2.7508816487549685,6.144129217229047,2.7508816487549685,11.254514733383216,86.49150723802741,0,-1,2.9034535708623257,0.0817814247638941,0.3739130434782609,2.7966915238949,2.7966915238949,123.04049998056144,2.913334221299764,2.6749674156248804,3
AC+CBF+PER,AC+CBF+PER,actor-critic + CBF + TD-priority replay,4,4,1.24,1.0,5.758375216680164,ac3c04f294ae0cf9aa27c3b414335475feda76fe2b486e826cdf0fef5de31a97,0.0347826086956521,0.1523548225770826,49,0.0,0,0.0,0,0.0,0,1.5353687274205052,4.431293141114337,1.5353687274205052,11.01437924772462,88.99673318860796,0,-1,2.999978682798868,0.0813835699710497,0.3217391304347826,3.344648524053104,3.344648524053104,123.16639997879976,3.6878212068005527,2.9619794471895533,4
AC+CBF+PER,AC+CBF+PER,actor-critic + CBF + TD-priority replay,4,5,1.3,1.0,5.388292165185076,e6d3418dd2c97d061d8e8e8dbef71628681a3da74c4636651e8dfd58a02910fa,0.0956521739130434,0.1455887420761465,59,0.0,0,0.0,0,0.0,0,2.2311331667342724,6.383956652249766,2.2311331667342724,10.76779586312763,81.04922835798443,0,-1,2.7631077173643126,0.0613255733465352,0.3565217391304348,2.746721176291499,2.746721176291499,129.909300012514,2.623605414375315,2.864550413282484,5
AC+CBF+PER,AC+CBF+PER,actor-critic + CBF + TD-priority replay,4,6,1.36,1.0,5.629439930873367,0a2e44121d7ff992d031d82b6b594764ac07730c243e35e5cc713b9ff8e3ad9a,0.0217391304347825,0.1615658799631206,60,0.0,0,0.0,0,0.0,0,0.7399210268824591,4.683815737632194,0.7399210268824591,10.910211684330736,88.38305850882205,0,-1,2.96390577731016,0.0847833179484905,0.3304347826086956,3.522324785985529,3.522324785985529,115.05819999729285,3.3969002683231078,3.643434144183535,6
AC+CBF+PER,AC+CBF+PER,actor-critic + CBF + TD-priority replay,4,7,1.42,1.0,5.672321156926386,dc941e301553d646874df003d187df21355bbbad3ac4e91d35e057823e6455fe,0.0739130434782608,0.1624580529571578,53,0.0,0,0.0,0,0.0,0,0.380420111200952,4.918729745897147,0.380420111200952,10.988876770253531,87.69274771408251,0,-1,2.928572683766292,0.086130994430738,0.3217391304347826,3.549888080327799,3.549888080327799,175.17240002052858,3.249004881374363,3.827189314172,7
AC+CBF+PER,AC+CBF+PER,actor-critic + CBF + TD-priority replay,4,8,1.48,1.0,5.64611259735699,7d181e39e48717790b37c364bbe5c062cd7a9539f5c355120bf8f518bf40581a,0.0521739130434782,0.172410036946246,55,0.0,0,0.0,0,0.0,0,0.7860754844869755,5.8809821641874,0.7860754844869755,11.039863254334248,86.20046460742893,0,-1,2.878539111730044,0.0873116134745778,0.3043478260869565,3.684237581465004,3.684237581465004,116.60849998588674,3.364944616826733,3.97798451970932,8
AC+CBF+PER,AC+CBF+PER,actor-critic + CBF + TD-priority replay,4,9,1.54,1.0,31.67018519264984,c80765cc52d91c3d844ce1b6d1a2083955264f6182b151cf3c9b2018e5a0c423,0.0521739130434782,0.1599722705976452,56,0.0434782608695652,5,0.0,0,0.0434782608695652,5,-0.5791262722990437,5.4844462275391335,-0.5791262722990437,10.740700780556455,87.77373582625923,0,-1,2.9910795505676564,0.0793826728338945,0.3304347826086956,5.08211203413583,5.08211203413583,120.00369999441318,5.259126246799235,4.898705602018134,9
AC+CBF+UE,AC+CBF+UE,actor-critic + CBF + online uncertainty estimation,0,0,1.0,1.0,5.468447794047544,1290502f5cc1479a39bc6122deed877d23d1bce160e08ae72c73bcc571644b84,0.017391304347826,0.1417645157079876,49,0.0,0,0.0,0,0.0,0,4.698049389711737,5.9065062634142045,4.698049389711737,11.718442477415616,86.6503337332379,0,-1,2.9648338820631874,0.0575571288914454,0.408695652173913,2.7838451772286747,2.3836746948606384,116.45089997909965,2.462418297121104,2.3022393949893907,0
AC+CBF+UE,AC+CBF+UE,actor-critic + CBF + online uncertainty estimation,0,1,1.06,1.0,6.091295785684183,f6e58b002b846aa4267cda0b2e2981838f73f75ca75bf5d2a362520b310a5904,0.0478260869565216,0.1420473057002858,54,0.0,0,0.0,0,0.0,0,5.704242726280953,7.409709289650005,5.704242726280953,11.94789517553312,85.29538212139884,0,-1,2.8878366624254586,0.0656842949889205,0.2782608695652174,3.4134176202636395,3.0189292643512293,126.12679999438114,3.588562163183459,2.313026028232402,1
AC+CBF+UE,AC+CBF+UE,actor-critic + CBF + online uncertainty estimation,0,2,1.12,1.0,5.85545224222508,1842d6b48e65e0d845f28064a4d4f76b39d06f25382eba6e08249ef0e33ce533,0.0304347826086957,0.1399595651115591,54,0.0,0,0.0,0,0.0,0,5.008685615016667,5.439501127293636,5.008685615016667,11.609354463516484,87.67273255096814,0,-1,2.97196622118249,0.0779174045985978,0.3130434782608696,3.577919731384339,3.255367457810437,128.34269998711534,3.70490633567088,2.732856310647916,2
AC+CBF+UE,AC+CBF+UE,actor-critic + CBF + online uncertainty estimation,0,3,1.18,1.0,5.87420463687054,46ea4884edf0d2d0b527757a729d68cf9f1fd3b2fabfd6591af84f82c2602b72,0.017391304347826,0.1524116784961557,52,0.0,0,0.0,0,0.0,0,5.041664996395623,7.03873085190884,5.041664996395623,11.82882939264248,85.74422226390446,0,-1,2.916399635041516,0.0720942352103109,0.3565217391304348,3.2517818404875123,2.7448951522897684,114.63009999715725,2.9332444758624843,2.5426316365037938,3
AC+CBF+UE,AC+CBF+UE,actor-critic + CBF + online uncertainty estimation,0,4,1.24,1.0,5.779032492654697,b0491bfd11ca6fcbe089bf0e5db6cc4754806de544a0d4f16a05ac5e63f7364f,0.0782608695652173,0.1491568713023484,59,0.0,0,0.0,0,0.0,0,5.094831699294122,6.189824684336889,5.094831699294122,11.510681769935124,86.39537759451981,0,-1,2.893128632475992,0.0814225750530318,0.3739130434782609,3.675996890911805,3.1263164021635035,108.00780000863595,3.199006190856525,3.051895785202165,4
AC+CBF+UE,AC+CBF+UE,actor-critic + CBF + online uncertainty estimation,0,5,1.3,1.0,5.82446888896206,ebeae7456964e82fb4b1a10e1e1c9f599b5b0d2eb001b0de6e2b0cd7afa80e72,0.0086956521739129,0.1565754079322125,65,0.0,0,0.0,0,0.0,0,5.121553940275961,5.121553940275961,5.319579732960869,11.429245397803877,87.62629783914929,0,-1,2.953185902422137,0.0887948017186939,0.391304347826087,3.7021721908795295,3.2937617414136238,111.6180999961216,3.608322884552032,2.945800193363139,5
AC+CBF+UE,AC+CBF+UE,actor-critic + CBF + online uncertainty estimation,0,6,1.36,1.0,5.831744732111448,291357f8730d0569e5d924fe750842809c913891fcdeb2d6fd549cfbd69b5722,0.0391304347826086,0.1519452576187987,62,0.0,0,0.0,0,0.0,0,5.360595317131764,6.363520079739374,5.360595317131764,11.71318753980582,86.22526372058877,0,-1,2.908293823032156,0.073965678329728,0.3652173913043478,3.9181495437130014,3.33064185065634,116.0587000194937,3.7885404979440938,2.7988053112220035,6
AC+CBF+UE,AC+CBF+UE,actor-critic + CBF + online uncertainty estimation,0,7,1.42,1.0,5.794189109395972,13cb2f6395130d1e3c7cf1f5148694bfc1295285f769af058dd9fbaf01626bb7,0.0652173913043477,0.1666850351028523,57,0.0,0,0.0,0,0.0,0,5.318476501337724,7.664219748943565,5.318476501337724,11.763183661652526,84.74138098394148,0,-1,2.8767692382199748,0.0718814746887144,0.3739130434782609,3.4589376898819224,2.872730738170863,109.64149999199437,3.136156556610441,2.5825734917892977,7
AC+CBF+UE,AC+CBF+UE,actor-critic + CBF + online uncertainty estimation,0,8,1.48,1.0,5.858720370730776,79fa959b972ab0033b20e30817c29d8193f16bf72c81dd0d6aad776374799d2d,0.0608695652173912,0.1643146425838269,54,0.0,0,0.0,0,0.0,0,4.6374108299706975,4.912825335655061,4.6374108299706975,11.413971576937008,88.05984666570964,0,-1,2.966068839307592,0.0863355986626387,0.3391304347826087,4.474091178477708,3.690383323566573,130.39929998922162,4.120271442725441,3.203314125710706,8
AC+CBF+UE,AC+CBF+UE,actor-critic + CBF + online uncertainty estimation,0,9,1.54,1.0,5.955300648193106,20650919392802bdf9e7744194b816b55707da2eb76474072ea5c7ddd49b5c01,0.0608695652173912,0.1763712207068929,56,0.0,0,0.0,0,0.0,0,4.019864343464566,5.944845383296596,4.019864343464566,11.61038994402364,86.50916566061808,0,-1,2.890568487443079,0.0863539568529931,0.3478260869565217,4.79899362008503,4.217807631287732,130.34240002161823,5.099424072546307,3.094459008846828,9
AC+CBF+UE,AC+CBF+UE,actor-critic + CBF + online uncertainty estimation,1,0,1.0,1.0,5.704101464193341,e8edde64e892ebb977ec4b1e3b5814b7d9685e100a04edf4f3dc4ff6189acfdf,0.0695652173913043,0.1359021002214868,51,0.0,0,0.0,0,0.0,0,3.2307107142688167,3.2307107142688167,5.568742883193856,11.844526694358652,91.99537531522984,0,-1,3.1545942190094545,0.0682262044410833,0.4,2.799488377691587,2.4972351625511235,120.21359999198468,2.336425805709217,2.648297824750741,0
AC+CBF+UE,AC+CBF+UE,actor-critic + CBF + online uncertainty estimation,1,1,1.06,1.0,5.989451040427726,3db7b85512db5a6a4d1345606bbee7ab7e216f1eabc9cd4b0cbcfad23fb35fb8,0.0478260869565216,0.1394895016764791,51,0.0,0,0.0,0,0.0,0,5.632287774588193,6.99381575837599,5.632287774588193,11.867155523266335,85.69749566870325,0,-1,2.902893481898996,0.0711133011646844,0.2956521739130435,2.872671187953841,2.483741967760986,109.2754999990575,2.9834159862580587,1.8539626149883075,1
AC+CBF+UE,AC+CBF+UE,actor-critic + CBF + online uncertainty estimation,1,2,1.12,1.0,5.949738084627406,2ba18529a4b500943ad609e0a74d6a99d1ad48bab163c87fa1ea8c86ee361358,0.0608695652173912,0.1382506680824534,64,0.0,0,0.0,0,0.0,0,4.366357247459127,4.909591831428031,4.366357247459127,11.611729408279627,87.80219571321854,0,-1,2.9465712946357496,0.0843817918590962,0.3217391304347826,3.1789130905033693,2.8908546471462246,119.24890000955202,3.473536313623132,2.156067406134435,2
AC+CBF+UE,AC+CBF+UE,actor-critic + CBF + online uncertainty estimation,1,3,1.18,1.0,5.875440116486828,38c78961cb4d6e16083d2d825a353f49fd94e71c5e732c5a90d3cd29fc138c48,0.017391304347826,0.1550019709177601,51,0.0,0,0.0,0,0.0,0,6.0536015857494405,8.116082394957784,6.0536015857494405,11.828178527878356,84.50317826539307,0,-1,2.8907205828596125,0.0743965985710648,0.3739130434782609,3.5725460202859605,3.094634355118069,109.06400001840666,2.811172649117013,3.3542259793595446,3
AC+CBF+UE,AC+CBF+UE,actor-critic + CBF + online uncertainty estimation,1,4,1.24,1.0,5.7838677719917415,46f50b36dbd96a355c6621a61b833117852052254b98fa93bbbb8725d426308b,0.0652173913043477,0.1485740745288825,57,0.0,0,0.0,0,0.0,0,4.705251059124974,4.705251059124974,5.200355799088458,11.471172747477194,88.54137021558599,0,-1,2.990507365862821,0.0852357293711411,0.3304347826086956,4.200432586039286,3.70013247395799,106.66369998943992,3.802750706784981,3.5945858887670608,4
AC+CBF+UE,AC+CBF+UE,actor-critic + CBF + online uncertainty estimation,1,5,1.3,1.0,5.63648889261523,d2446016ac0d03e852a2b8b18cc53356235435eff02c45166fb96ec150809a79,0.0130434782608696,0.1563220208341262,60,0.0,0,0.0,0,0.0,0,5.84021414503117,6.591846716877872,5.84021414503117,11.704409135981235,86.27783752775623,0,-1,2.9378649639175407,0.0742293119539867,0.391304347826087,3.7613863649963655,3.180180948235314,120.01129999407569,2.6474992056424083,3.635636076831747,5
AC+CBF+UE,AC+CBF+UE,actor-critic + CBF + online uncertainty estimation,1,6,1.36,1.0,5.831347854306045,a7a659024af26122fb7341d324f6faa89fdcf1a0426d162f9be24a684bcc0444,0.026086956521739,0.1553241374453545,50,0.0,0,0.0,0,0.0,0,6.245313981070957,6.245313981070957,6.883274079436777,11.732520690080882,86.28086408475953,0,-1,2.8974487431561067,0.0803178309961885,0.3217391304347826,3.295655513367797,2.7952418107340398,121.22080000699498,2.649497382630837,2.9337547921364813,6
AC+CBF+UE,AC+CBF+UE,actor-critic + CBF + online uncertainty estimation,1,7,1.42,1.0,5.831683105175116,39eb78d339619663a0cf9fc7636303b03e57b59a00cdc1e5470cf29b047c8208,0.026086956521739,0.1624331350521206,66,0.0,0,0.0,0,0.0,0,6.069913890533932,7.08631064047596,6.069913890533932,11.661362926189533,85.62701056143432,0,-1,2.9049549674695765,0.0793328718896853,0.408695652173913,4.082266437073774,3.496861173743447,112.33649999485353,3.052753892190502,3.8906001864216977,7
AC+CBF+UE,AC+CBF+UE,actor-critic + CBF + online uncertainty estimation,1,8,1.48,1.0,5.85496309936687,b7bece9fcd5d8109b4da0c46714d050abb9169d495eab385071daa80f785f004,0.0521739130434782,0.1598221055420095,55,0.0,0,0.0,0,0.0,0,4.60851453068585,5.174212136779591,4.60851453068585,11.711960509621878,87.57751968577452,0,-1,2.940644197296769,0.0754575411482361,0.3304347826086956,4.112429762028775,3.666756455097688,128.80430000950582,3.864275140322428,3.457973892597688,8
AC+CBF+UE,AC+CBF+UE,actor-critic + CBF + online uncertainty estimation,1,9,1.54,1.0,5.954856429552599,65fd49d28eb428bff39948f28fd355485786a0d7e3b753a043d087664ce8428c,0.0391304347826086,0.179610572795698,60,0.0,0,0.0,0,0.0,0,5.297840328728245,5.297840328728245,6.77248405700295,11.658731655580723,87.1100990278251,0,-1,2.9140942290653364,0.0883582715105261,0.3043478260869565,4.413094820514357,3.5323994408227666,117.24859999958426,3.708925015477488,3.3465753911447003,9
AC+CBF+UE,AC+CBF+UE,actor-critic + CBF + online uncertainty estimation,2,0,1.0,1.0,5.601706541858617,406bff0b5cc8fd555824994fc19b69bfac67a3a8a0b294e0b4ba74c23f056f60,0.0695652173913043,0.1419470867836721,64,0.0,0,0.0,0,0.0,0,3.6638683047816505,3.6638683047816505,5.314753377914419,11.634985437049828,90.1401078491914,0,-1,3.0913323281298752,0.0642596441950534,0.4260869565217391,3.0297090436127885,2.658329441041603,124.6439999958966,2.902424476471996,2.389427335700624,0
AC+CBF+UE,AC+CBF+UE,actor-critic + CBF + online uncertainty estimation,2,1,1.06,1.0,5.981686845840404,79fa3d150a7ba64b8aeb209e74a2f74ca3496f34c0148af55298c58da757bf8c,0.0478260869565216,0.1529968537818234,54,0.0,0,0.0,0,0.0,0,5.234707505266415,5.234707505266415,6.563338618538461,11.75487667307674,87.35395804372024,0,-1,2.9314667863803794,0.0850329397103294,0.3652173913043478,2.9054112737189537,2.4893809644028098,116.46869999822228,2.221254459669264,2.731311735643065,1
AC+CBF+UE,AC+CBF+UE,actor-critic + CBF + online uncertainty estimation,2,2,1.12,1.0,5.938066840244283,59e262658804cddf4d8d2408a2dc03ef7f8082ae302b112042011185c81997d3,0.0347826086956521,0.1413673465387463,55,0.0,0,0.0,0,0.0,0,6.041371440840951,6.041371440840951,6.6026076439080095,11.751089537421905,86.90644820632829,0,-1,2.9601857239861875,0.0820891564641077,0.3739130434782609,3.5780983896921894,3.229896348606824,114.21379999956116,3.339092838971338,3.116876619023877,2
AC+CBF+UE,AC+CBF+UE,actor-critic + CBF + online uncertainty estimation,2,3,1.18,1.0,5.747700424128658,1f7f2dee6b7447aa9294f7fcc2d16347195cc3c1abe43ad08bb7a349da302248,0.0,0.1485607798309649,56,0.0,0,0.0,0,0.0,0,6.082310079860045,7.672839811362456,6.082310079860045,11.609639388414909,85.11006604531389,0,-1,2.90286204616971,0.0697666976753547,0.3739130434782609,2.84866819597944,2.4074548528105826,111.32050000014716,2.400828844739269,2.4140626741885467,3
AC+CBF+UE,AC+CBF+UE,actor-critic + CBF + online uncertainty estimation,2,4,1.24,1.0,5.81362200899543,0e8ce06fa3720771908e3b931576390d9d265431da5b1e9d74266482217acc73,0.0086956521739129,0.1496754304612479,48,0.0,0,0.0,0,0.0,0,5.613972087059052,5.613972087059052,6.325762235136645,11.600684639129543,87.23417985835356,0,-1,2.9564382239075138,0.0871468203075299,0.3565217391304348,4.208560296652777,3.610424883127189,115.9750999941025,3.890176609688798,3.307092623262632,4
AC+CBF+UE,AC+CBF+UE,actor-critic + CBF + online uncertainty estimation,2,5,1.3,1.0,5.803250864370636,fdf14de5f48f65b0740bb224feca20380345f8f6d420808eb6de9a461a26ee70,0.0608695652173912,0.1548125181279571,58,0.0,0,0.0,0,0.0,0,6.384108168655303,7.648463111683602,6.384108168655303,11.850861959946606,83.36172314793468,0,-1,2.8516885625006965,0.0662326817401891,0.3739130434782609,3.815891151848074,3.2283748412233657,111.95920000318438,2.8656613209636967,3.5542641185512056,5
AC+CBF+UE,AC+CBF+UE,actor-critic + CBF + online uncertainty estimation,2,6,1.36,1.0,5.886138429558458,18fbd0676905f5cfe3388b4edd7b8adc8a327d23ff16fb5570682f02bbc58a9d,0.0478260869565216,0.1618867329736251,57,0.0,0,0.0,0,0.0,0,5.048161787158484,7.588705659934073,5.048161787158484,11.650486570067873,85.13431431229445,0,-1,2.892272939737345,0.0731766230587966,0.3043478260869565,3.817289741233171,3.387326982628848,121.40929998713546,3.798599177783383,2.9186662126790592,6
AC+CBF+UE,AC+CBF+UE,actor-critic + CBF + online uncertainty estimation,2,7,1.42,1.0,5.814243091101472,a3369fa3191d0bf375e4e57fc0ca1a1bc041469c179e28e0008fab8056d212ab,0.0652173913043477,0.1650691079677373,55,0.0,0,0.0,0,0.0,0,5.615438764359407,7.716077654005208,5.615438764359407,11.675691992068876,84.91828579513852,0,-1,2.8538051688284325,0.0828508575218677,0.3826086956521739,3.1647142089149254,2.5646447361060427,110.2682999917306,2.438391475686148,2.684967831497055,7
AC+CBF+UE,AC+CBF+UE,actor-critic + CBF + online uncertainty estimation,2,8,1.48,1.0,5.855800592092242,91bcbfbfacdce1c9b7980c4de4e36608968fd3dd3a6e0c052f321d6bb8e10c37,0.0434782608695651,0.1728951812694774,63,0.0,0,0.0,0,0.0,0,5.247765653729991,5.494745447794627,5.247765653729991,11.513626192574147,86.87697273385308,0,-1,2.889708642866546,0.0935686727998267,0.3826086956521739,4.0729953942596575,3.4170442694070027,160.55739999865182,3.8327368505753134,2.943214452332093,8
AC+CBF+UE,AC+CBF+UE,actor-critic + CBF + online uncertainty estimation,2,9,1.54,1.0,5.943398338732226,7463c08cf9720fa1a91611ab930db3957842784619f8d72a3d528a9924d4b662,0.0956521739130434,0.1743049140763325,55,0.0,0,0.0,0,0.0,0,4.615386542242886,4.949656102838876,4.615386542242886,11.351523950806044,87.32594562580603,0,-1,2.889176921667238,0.0949279876988399,0.3391304347826087,4.406286257866792,3.892737980670423,115.07409997284412,4.816013934624118,2.666988517750761,9
AC+CBF+UE,AC+CBF+UE,actor-critic + CBF + online uncertainty estimation,3,0,1.0,1.0,5.519954876512986,40077ea3bdd754003ee403c8647f5c7a881625b45d34c91883061194222efdc2,0.0391304347826086,0.1443618778975431,53,0.0,0,0.0,0,0.0,0,4.254638898544857,4.826009296092685,4.254638898544857,11.671224883119685,87.80309016706144,0,-1,2.99640619334723,0.0603572303549187,0.417391304347826,2.606403317879488,2.3226453504467828,124.26039998535998,1.8692064767233123,2.7010053675029493,0
AC+CBF+UE,AC+CBF+UE,actor-critic + CBF + online uncertainty estimation,3,1,1.06,1.0,6.064752639800159,6bb35cde73ab78fc35b96f45fcd806c9ba08167057303cfa2a2c3f8659d30416,0.0086956521739129,0.1471068574016538,51,0.0,0,0.0,0,0.0,0,5.987565086547908,6.359353134937487,5.987565086547908,11.856493538842718,86.30129371548624,0,-1,2.908357134839852,0.071085875574659,0.2782608695652174,3.3657070148188013,2.9449329206315302,124.02170000132172,3.14585640983823,2.729257639490716,1
AC+CBF+UE,AC+CBF+UE,actor-critic + CBF + online uncertainty estimation,3,2,1.12,1.0,5.97196223689389,810c6e92f86990aef82a235b44046e11ae43f44cc5f9c32e949e05de10b5d6a8,0.0,0.1609835159375067,58,0.0,0,0.0,0,0.0,0,6.020053426537234,6.020053426537234,6.432901003034639,11.733973258924236,86.54784808242819,0,-1,2.913141821540689,0.0761882201927788,0.3304347826086956,3.019525772095687,2.698220598526544,121.90909998025744,2.28142543595944,3.05873940975415,2
AC+CBF+UE,AC+CBF+UE,actor-critic + CBF + online uncertainty estimation,3,3,1.18,1.0,5.816111912738802,630136ba579eba5eae2cbd350727969748be67c672c97c225ced0268201e4bd4,0.0,0.156736337113168,52,0.0,0,0.0,0,0.0,0,7.172537766299092,7.670137840193247,7.172537766299092,11.82196662879206,84.21375716934931,0,-1,2.8577577204430296,0.0793431381125966,0.391304347826087,2.8797948852995696,2.516439112314884,153.0925999977626,2.586034709895728,2.444863205005705,3
AC+CBF+UE,AC+CBF+UE,actor-critic + CBF + online uncertainty estimation,3,4,1.24,1.0,5.826955797155221,bcf4a2fd04e8f91ac9fbf2b899138391293f93d4744dd3caa839eb84b43ff1e6,0.0304347826086957,0.1567497088146984,62,0.0,0,0.0,0,0.0,0,6.19178736167913,6.370464801649958,6.19178736167913,11.710579067379651,86.16617408788375,0,-1,2.8929503174904365,0.0849793023481924,0.3826086956521739,3.180849524150294,2.621056458566561,118.84490001830272,2.6518348811754144,2.589912292138162,4
AC+CBF+UE,AC+CBF+UE,actor-critic + CBF + online uncertainty estimation,3,5,1.3,1.0,5.765233519547947,50a360ad042daf129acd66f4c2a1d4cf27469d9b86b110d10c4647ebbeddd339,0.0782608695652173,0.1516621742885754,62,0.0,0,0.0,0,0.0,0,5.18033213573921,5.18033213573921,5.4758687026527415,11.637037143975448,87.62793161471959,0,-1,2.956806623908704,0.0861631011030302,0.3739130434782609,3.0695386759357053,2.365501340711872,120.78320002183318,2.121184063318664,2.5868458313827385,5
AC+CBF+UE,AC+CBF+UE,actor-critic + CBF + online uncertainty estimation,3,6,1.36,1.0,5.8126145265804245,88c52520be2fbd17fccf696aec12b48a8b9774301aeeb4babd7f9939f2ad305c,0.017391304347826,0.1587652057290914,63,0.0,0,0.0,0,0.0,0,4.153112706436427,4.153112706436427,5.625122918197895,11.326066856081756,89.09553136451694,0,-1,3.007502493146668,0.091820729797238,0.3391304347826087,4.261692012558922,3.925491278437205,110.43070000596344,4.086297668975224,3.757809856113102,6
AC+CBF+UE,AC+CBF+UE,actor-critic + CBF + online uncertainty estimation,3,7,1.42,1.0,5.843497411546915,077c6720be08da190dadc285a3941b3046b426a47ad0b0b6473a524c1da2095f,0.017391304347826,0.1579453424828324,55,0.0,0,0.0,0,0.0,0,4.4822693341339175,4.4822693341339175,5.44443520117294,11.46218093215675,88.55450277300477,0,-1,2.977483124116233,0.0892958890434319,0.3826086956521739,3.421800078183309,2.87940335504546,117.63799999607728,2.6352111715513145,3.1044467209835074,7
AC+CBF+UE,AC+CBF+UE,actor-critic + CBF + online uncertainty estimation,3,8,1.48,1.0,5.816032789946179,b7666c116c120b2fa0edcdc335212eeaec03893a9195710f0f596ca6fb4a93bd,0.0652173913043477,0.1540703331253426,57,0.0,0,0.0,0,0.0,0,4.89876090779833,4.89876090779833,5.641926473818232,11.41116560895937,87.67962692105267,0,-1,2.936237446775198,0.0819838906174488,0.3304347826086956,4.361639814557888,3.779631466712413,124.59639998269267,3.89595105196062,3.659616571316207,8
AC+CBF+UE,AC+CBF+UE,actor-critic + CBF + online uncertainty estimation,3,9,1.54,1.0,5.702717628940061,ed93c408619c002b528328c7a26c6d3a6f0ee82b55311bef14fe43f617ccb3bc,0.026086956521739,0.1835266481178063,63,0.0,0,0.0,0,0.0,0,6.603245412482892,7.523156678254475,6.603245412482892,11.831383511952405,82.1906901351657,0,-1,2.8061694796865115,0.0767811695880239,0.408695652173913,3.8995790789057896,3.0992815026646583,120.3557999979239,2.531921888369596,3.577773499917728,9
AC+CBF+UE,AC+CBF+UE,actor-critic + CBF + online uncertainty estimation,4,0,1.0,1.0,5.771577556175988,3a6b95a4d7ee9265b0e3836f8fceeec64c13bf6f9553de19a53f58b5863db929,0.0391304347826086,0.1408728280172949,58,0.0,0,0.0,0,0.0,0,3.091152493269991,3.091152493269991,4.462253204961996,11.707777837802528,90.24998687833732,0,-1,3.077333060121807,0.0807869134530065,0.391304347826087,2.4096644913374803,2.072997994678628,107.87450001225808,2.142957946747771,2.00059306465703,0
AC+CBF+UE,AC+CBF+UE,actor-critic + CBF + online uncertainty estimation,4,1,1.06,1.0,5.829874811467069,0c0058140f4209bd2f166f1b02c5b5f7b2d7d2924518f5fccd7604945828c8d7,0.0478260869565216,0.1413443359087037,53,0.0,0,0.0,0,0.0,0,7.3265554099260495,7.89044195559046,7.3265554099260495,11.781195670587785,81.52849745457799,0,-1,2.67300970567377,0.0589030407086506,0.3826086956521739,2.7420729315996617,2.4244341037388786,103.7685000046622,1.787544159830541,2.9258242126621345,1
AC+CBF+UE,AC+CBF+UE,actor-critic + CBF + online uncertainty estimation,4,2,1.12,1.0,5.87341492987101,7596e6b368f3783f1c64eb1d7f1f585bdea5cb8b0cf73f6fb4229d3dd8a896dc,0.017391304347826,0.1547251617256025,57,0.0,0,0.0,0,0.0,0,6.040617150735278,6.219639530424217,6.040617150735278,11.765699774362718,86.46011173805678,0,-1,2.917135541244823,0.0835927248283455,0.391304347826087,3.3163524234459,2.853427686452694,101.63940000347792,2.564962001622054,3.1152959817430745,2
AC+CBF+UE,AC+CBF+UE,actor-critic + CBF + online uncertainty estimation,4,3,1.18,1.0,5.730207662711786,70608b75de5b12baad5aaebc8d524e7251ac09a3666ee8553ddfb2c9f9d623ff,0.0347826086956521,0.1481172100633912,56,0.0,0,0.0,0,0.0,0,5.997546925236367,5.997546925236367,6.58887832895772,11.55134602947996,86.48932406538789,0,-1,2.9013173878744976,0.0901381487081526,0.3565217391304348,2.7966915238949,2.406752178101905,103.4323000058066,2.5345486320292263,2.27177800972615,3
AC+CBF+UE,AC+CBF+UE,actor-critic + CBF + online uncertainty estimation,4,4,1.24,1.0,5.933603845982368,ac3c04f294ae0cf9aa27c3b414335475feda76fe2b486e826cdf0fef5de31a97,0.0347826086956521,0.1523548225770826,49,0.0,0,0.0,0,0.0,0,4.3105786161432045,4.3105786161432045,6.5722458687064975,11.570164389541867,88.64350377257337,0,-1,2.981772875393528,0.0900878871232965,0.3391304347826087,3.344648524053104,2.8924720346004458,104.08509999979287,3.1804458074213526,2.5724605746147446,4
AC+CBF+UE,AC+CBF+UE,actor-critic + CBF + online uncertainty estimation,4,5,1.3,1.0,5.835352585966609,e6d3418dd2c97d061d8e8e8dbef71628681a3da74c4636651e8dfd58a02910fa,0.0956521739130434,0.1455887420761465,59,0.0,0,0.0,0,0.0,0,6.945857902888386,7.900577271980572,6.945857902888386,11.736397320346676,84.44277326746699,0,-1,2.838625742198707,0.0770787296507445,0.391304347826087,2.746721176291499,2.304561306001544,119.60350000299512,2.220515838018029,2.385647719037781,5
AC+CBF+UE,AC+CBF+UE,actor-critic + CBF + online uncertainty estimation,4,6,1.36,1.0,5.809309258000174,0a2e44121d7ff992d031d82b6b594764ac07730c243e35e5cc713b9ff8e3ad9a,0.0217391304347825,0.1615658799631206,60,0.0,0,0.0,0,0.0,0,5.008476193034475,5.008476193034475,5.455197127308495,11.594025033275097,87.39904439720621,0,-1,2.90975887468494,0.0878250214859677,0.4,3.522324785985529,2.9742253900593525,115.84760001278482,2.907562802578778,3.039426243686077,6
AC+CBF+UE,AC+CBF+UE,actor-critic + CBF + online uncertainty estimation,4,7,1.42,1.0,5.942256028447144,dc941e301553d646874df003d187df21355bbbad3ac4e91d35e057823e6455fe,0.0739130434782608,0.1624580529571578,53,0.0,0,0.0,0,0.0,0,5.89728007898623,7.198751037700971,5.89728007898623,11.825149760311003,85.43530529999283,0,-1,2.839721793236578,0.0743514751388997,0.3739130434782609,3.549888080327799,2.8566818901723345,117.102199990768,2.601525990658048,3.090845412376333,7
AC+CBF+UE,AC+CBF+UE,actor-critic + CBF + online uncertainty estimation,4,8,1.48,1.0,5.915212521150167,7d181e39e48717790b37c364bbe5c062cd7a9539f5c355120bf8f518bf40581a,0.0521739130434782,0.172410036946246,55,0.0,0,0.0,0,0.0,0,5.629946471817767,7.868639566155225,5.629946471817767,11.903774867827936,84.01144154156964,0,-1,2.820456106574051,0.0720769077342577,0.3478260869565217,3.684237581465004,3.058280608567161,113.6770000157412,2.853040052222334,3.2505881040038016,8
AC+CBF+UE,AC+CBF+UE,actor-critic + CBF + online uncertainty estimation,4,9,1.54,1.0,5.937834903536332,c80765cc52d91c3d844ce1b6d1a2083955264f6182b151cf3c9b2018e5a0c423,0.0521739130434782,0.1599722705976452,56,0.0,0,0.0,0,0.0,0,5.022420048467471,5.022420048467471,5.817744500011132,11.602692879550276,87.51785674217084,0,-1,2.9320549138387006,0.084496849737239,0.3130434782608696,5.08211203413583,4.603598204365662,112.7439999836497,4.740217514259807,4.462798535894498,9
AC+CBF+AER,AC+CBF+AER,actor-critic + CBF + adaptive replay,0,0,1.0,1.0,5.587712135400749,1290502f5cc1479a39bc6122deed877d23d1bce160e08ae72c73bcc571644b84,0.017391304347826,0.1417645157079876,49,0.0,0,0.0,0,0.0,0,3.2723953072806817,4.137556464952122,3.2723953072806817,11.53654832474668,94.36552820861762,0,-1,3.2176363688258003,0.0506972246351255,0.3478260869565217,2.7838451772286747,2.7838451772286747,129.32869998621754,2.8623738697355865,2.703036028508246,0
AC+CBF+AER,AC+CBF+AER,actor-critic + CBF + adaptive replay,0,1,1.06,1.0,6.1436773519962165,f6e58b002b846aa4267cda0b2e2981838f73f75ca75bf5d2a362520b310a5904,0.0478260869565216,0.1420473057002858,54,0.0,0,0.0,0,0.0,0,2.7889390955010143,6.125785962078536,2.7889390955010143,11.783596588965176,86.80681400522742,0,-1,2.939948165881477,0.0659557710414203,0.2695652173913043,3.4134176202636395,3.4134176202636395,123.53590002749117,3.89853057686391,2.846805058642008,1
AC+CBF+AER,AC+CBF+AER,actor-critic + CBF + adaptive replay,0,2,1.12,1.0,5.851180602211134,1842d6b48e65e0d845f28064a4d4f76b39d06f25382eba6e08249ef0e33ce533,0.0304347826086957,0.1399595651115591,54,0.0,0,0.0,0,0.0,0,4.553236473208319,5.30459622956018,4.553236473208319,11.515186283282157,88.56247463005482,0,-1,3.01921190394805,0.0718582244038085,0.2869565217391304,3.577919731384339,3.577919731384339,101.54619999229908,4.026512457488355,3.064346037599188,2
AC+CBF+AER,AC+CBF+AER,actor-critic + CBF + adaptive replay,0,3,1.18,1.0,5.893587781698378,46ea4884edf0d2d0b527757a729d68cf9f1fd3b2fabfd6591af84f82c2602b72,0.017391304347826,0.1524116784961557,52,0.0,0,0.0,0,0.0,0,1.9740959122860584,4.94605380093536,1.9740959122860584,11.59919698541692,88.80093157682843,0,-1,3.016446425177547,0.0695120569553661,0.2956521739130435,3.2517818404875123,3.2517818404875123,109.19630000717008,3.5459656347681308,2.9281902249157503,3
AC+CBF+AER,AC+CBF+AER,actor-critic + CBF + adaptive replay,0,4,1.24,1.0,5.788313100624018,b0491bfd11ca6fcbe089bf0e5db6cc4754806de544a0d4f16a05ac5e63f7364f,0.0782608695652173,0.1491568713023484,59,0.0,0,0.0,0,0.0,0,2.933813579912839,4.672652750722006,2.933813579912839,11.373406305826888,89.29300670471943,0,-1,3.054732634285143,0.0752422084687389,0.3217391304347826,3.675996890911805,3.675996890911805,110.25689999223688,3.6020674253680127,3.7484685602375207,4
AC+CBF+AER,AC+CBF+AER,actor-critic + CBF + adaptive replay,0,5,1.3,1.0,5.805543479792325,ebeae7456964e82fb4b1a10e1e1c9f599b5b0d2eb001b0de6e2b0cd7afa80e72,0.0086956521739129,0.1565754079322125,65,0.0,0,0.0,0,0.0,0,2.7980210917759374,4.911918797192541,2.7980210917759374,11.26320514190716,90.9715316322023,0,-1,3.125574891801147,0.0766308318925315,0.3217391304347826,3.7021721908795295,3.7021721908795295,119.56150000332856,3.974506998808404,3.408144946780652,5
AC+CBF+AER,AC+CBF+AER,actor-critic + CBF + adaptive replay,0,6,1.36,1.0,5.869781022899274,291357f8730d0569e5d924fe750842809c913891fcdeb2d6fd549cfbd69b5722,0.0391304347826086,0.1519452576187987,62,0.0,0,0.0,0,0.0,0,1.7963371379826676,4.533822534047574,1.7963371379826676,11.553105380506,89.71723175289132,0,-1,3.049794485309104,0.0721184714591585,0.3130434782608696,3.9181495437130014,3.9181495437130014,126.14419998135418,4.38574034535786,3.386602031077337,6
AC+CBF+AER,AC+CBF+AER,actor-critic + CBF + adaptive replay,0,7,1.42,1.0,5.874004381451969,13cb2f6395130d1e3c7cf1f5148694bfc1295285f769af058dd9fbaf01626bb7,0.0652173913043477,0.1666850351028523,57,0.0,0,0.0,0,0.0,0,2.7305908142508217,5.235483896082929,2.7305908142508217,11.71066157792997,87.86479405312973,0,-1,2.969363447032525,0.0722110811984714,0.3130434782608696,3.4589376898819224,3.4589376898819224,163.5076999955345,3.876956825422616,2.982902220787731,7
AC+CBF+AER,AC+CBF+AER,actor-critic + CBF + adaptive replay,0,8,1.48,1.0,5.858689189850264,79fa959b972ab0033b20e30817c29d8193f16bf72c81dd0d6aad776374799d2d,0.0608695652173912,0.1643146425838269,54,0.0,0,0.0,0,0.0,0,4.8524215521983525,5.026039473782958,4.8524215521983525,11.737939110578267,88.96727037575381,0,-1,3.0485902011936035,0.074714018311925,0.3217391304347826,4.474091178477708,4.474091178477708,154.07310001319274,4.692978882368977,4.243928952786901,8
AC+CBF+AER,AC+CBF+AER,actor-critic + CBF + adaptive replay,0,9,1.54,1.0,5.828066605787797,20650919392802bdf9e7744194b816b55707da2eb76474072ea5c7ddd49b5c01,0.0608695652173912,0.1763712207068929,56,0.0,0,0.0,0,0.0,0,1.6114230086198278,3.7275369629190434,1.6114230086198278,11.390993057898998,90.70084659987698,0,-1,3.0443192359765754,0.0909532071000157,0.3043478260869565,4.79899362008503,4.79899362008503,179.43009998998605,5.67460226239648,3.7228441674126502,9
AC+CBF+AER,AC+CBF+AER,actor-critic + CBF + adaptive replay,1,0,1.0,1.0,5.723250768468394,e8edde64e892ebb977ec4b1e3b5814b7d9685e100a04edf4f3dc4ff6189acfdf,0.0695652173913043,0.1359021002214868,51,0.0,0,0.0,0,0.0,0,3.7914142226066567,4.142401202218274,3.7914142226066567,11.979769432951832,98.86933019358052,0,-1,3.316055658812896,0.0494919538044442,0.3043478260869565,2.799488377691587,2.799488377691587,126.25810000463387,2.7173795814492467,2.8792565991907124,0
AC+CBF+AER,AC+CBF+AER,actor-critic + CBF + adaptive replay,1,1,1.06,1.0,5.8620250159692215,3db7b85512db5a6a4d1345606bbee7ab7e216f1eabc9cd4b0cbcfad23fb35fb8,0.0478260869565216,0.1394895016764791,51,0.0,0,0.0,0,0.0,0,3.054864509921873,5.761033600904756,3.054864509921873,11.77200718157003,87.17171719336879,0,-1,2.945632995831276,0.0718147695128521,0.2956521739130435,2.872671187953841,2.872671187953841,109.09760001231916,3.371450264922262,2.2666721464199173,1
AC+CBF+AER,AC+CBF+AER,actor-critic + CBF + adaptive replay,1,2,1.12,1.0,5.797676952058542,2ba18529a4b500943ad609e0a74d6a99d1ad48bab163c87fa1ea8c86ee361358,0.0608695652173912,0.1382506680824534,64,0.0,0,0.0,0,0.0,0,1.6408921450983578,4.131750112933355,1.6408921450983578,11.42878698213834,89.51875167882774,0,-1,3.009312484745482,0.0788412063764534,0.3043478260869565,3.1789130905033693,3.1789130905033693,111.4794000168331,3.801308897361479,2.4002140614511487,2
AC+CBF+AER,AC+CBF+AER,actor-critic + CBF + adaptive replay,1,3,1.18,1.0,5.815789456352925,38c78961cb4d6e16083d2d825a353f49fd94e71c5e732c5a90d3cd29fc138c48,0.017391304347826,0.1550019709177601,51,0.0,0,0.0,0,0.0,0,2.8196735464888074,5.656074531215152,2.8196735464888074,11.51012519712956,87.80231227104501,0,-1,2.98474497185159,0.0731716428679579,0.3304347826086956,3.5725460202859605,3.5725460202859605,109.46759997750632,3.324146825884052,3.8047625437190016,3
AC+CBF+AER,AC+CBF+AER,actor-critic + CBF + adaptive replay,1,4,1.24,1.0,5.78953226340887,46f50b36dbd96a355c6621a61b833117852052254b98fa93bbbb8725d426308b,0.0652173913043477,0.1485740745288825,57,0.0,0,0.0,0,0.0,0,1.6153801002551509,5.215374380782315,1.6153801002551509,11.21593997769667,89.30727449582699,0,-1,3.043517982719612,0.0698173076475853,0.2782608695652174,4.200432586039286,4.200432586039286,107.6411999820266,4.389449161217299,4.002499704036231,4
AC+CBF+AER,AC+CBF+AER,actor-critic + CBF + adaptive replay,1,5,1.3,1.0,5.743347751052138,d2446016ac0d03e852a2b8b18cc53356235435eff02c45166fb96ec150809a79,0.0130434782608696,0.1563220208341262,60,0.0,0,0.0,0,0.0,0,2.670052169876444,5.660156140874243,2.670052169876444,11.54460211597302,88.30684759700024,0,-1,3.049470329665817,0.0644288432646465,0.3217391304347826,3.7613863649963655,3.7613863649963655,109.17280000285244,3.3000966885995764,4.171979939963189,5
AC+CBF+AER,AC+CBF+AER,actor-critic + CBF + adaptive replay,1,6,1.36,1.0,5.8443448519141965,a7a659024af26122fb7341d324f6faa89fdcf1a0426d162f9be24a684bcc0444,0.026086956521739,0.1553241374453545,50,0.0,0,0.0,0,0.0,0,3.138905314422438,5.339591896948362,3.138905314422438,11.716833595556643,87.3733848879433,0,-1,2.93931889469112,0.0733614459278638,0.2869565217391304,3.295655513367797,3.295655513367797,119.26979999407196,3.2091804529679755,3.3799188371721858,6
AC+CBF+AER,AC+CBF+AER,actor-critic + CBF + adaptive replay,1,7,1.42,1.0,5.810412099403652,39eb78d339619663a0cf9fc7636303b03e57b59a00cdc1e5470cf29b047c8208,0.026086956521739,0.1624331350521206,66,0.0,0,0.0,0,0.0,0,3.208690860599475,5.646266856238716,3.208690860599475,11.49000242862022,89.20591416032167,0,-1,3.108086061169503,0.0694128890809678,0.3391304347826087,4.082266437073774,4.082266437073774,119.65030001010746,3.747197216477167,4.391846029557933,7
AC+CBF+AER,AC+CBF+AER,actor-critic + CBF + adaptive replay,1,8,1.48,1.0,5.739765005587732,b7bece9fcd5d8109b4da0c46714d050abb9169d495eab385071daa80f785f004,0.0521739130434782,0.1598221055420095,55,0.0,0,0.0,0,0.0,0,3.36644459779194,5.295150488442199,3.36644459779194,11.602044053017922,89.57968845999955,0,-1,3.106386401467805,0.0665229334514709,0.2956521739130435,4.112429762028775,4.112429762028775,125.52489998051897,4.261028022819956,3.958256849167716,8
AC+CBF+AER,AC+CBF+AER,actor-critic + CBF + adaptive replay,1,9,1.54,1.0,5.9297152898452055,65fd49d28eb428bff39948f28fd355485786a0d7e3b753a043d087664ce8428c,0.0391304347826086,0.179610572795698,60,0.0,0,0.0,0,0.0,0,3.0816891798981394,4.435729396069235,3.0816891798981394,11.632061102641574,88.89042250436975,0,-1,3.009892606645644,0.0820347044795777,0.3043478260869565,4.413094820514357,4.413094820514357,151.8453999888152,4.514077053746222,4.309747108885058,9
AC+CBF+AER,AC+CBF+AER,actor-critic + CBF + adaptive replay,2,0,1.0,1.0,5.675900794298862,406bff0b5cc8fd555824994fc19b69bfac67a3a8a0b294e0b4ba74c23f056f60,0.0695652173913043,0.1419470867836721,64,0.0,0,0.0,0,0.0,0,3.325107599484356,4.082415031997702,3.325107599484356,11.719306673648171,98.95813077674724,0,-1,3.3035302512660403,0.0490085319825926,0.2956521739130435,3.0297090436127885,3.0297090436127885,147.66560000134632,3.39248079543138,2.61712587212146,0
AC+CBF+AER,AC+CBF+AER,actor-critic + CBF + adaptive replay,2,1,1.06,1.0,5.980618365637084,79fa3d150a7ba64b8aeb209e74a2f74ca3496f34c0148af55298c58da757bf8c,0.0478260869565216,0.1529968537818234,54,0.0,0,0.0,0,0.0,0,3.13459090509981,4.7956594862197415,3.13459090509981,11.572387117717485,88.46191910325518,0,-1,2.980691102628206,0.0732903047347289,0.2956521739130435,2.9054112737189537,2.9054112737189537,124.55900001805276,2.711261258971986,3.0873761877205745,1
AC+CBF+AER,AC+CBF+AER,actor-critic + CBF + adaptive replay,2,2,1.12,1.0,5.878358699814281,59e262658804cddf4d8d2408a2dc03ef7f8082ae302b112042011185c81997d3,0.0347826086956521,0.1413673465387463,55,0.0,0,0.0,0,0.0,0,2.437107746796729,5.564643846158904,2.437107746796729,11.4444643361817,88.11093552730603,0,-1,3.022275975361026,0.0707964049263113,0.3391304347826087,3.5780983896921894,3.5780983896921894,132.18009998672642,3.7626749928381247,3.3834676104414383,2
AC+CBF+AER,AC+CBF+AER,actor-critic + CBF + adaptive replay,2,3,1.18,1.0,5.805983185019931,1f7f2dee6b7447aa9294f7fcc2d16347195cc3c1abe43ad08bb7a349da302248,0.0,0.1485607798309649,56,0.0,0,0.0,0,0.0,0,3.1400780110648787,5.966735840797635,3.1400780110648787,11.428976606519258,87.24158066632398,0,-1,2.989010405618426,0.0685932201779017,0.3391304347826087,2.84866819597944,2.84866819597944,122.53599998075516,2.8363483844555777,2.860934956192774,3
AC+CBF+AER,AC+CBF+AER,actor-critic + CBF + adaptive replay,2,4,1.24,1.0,5.694031522027712,0e8ce06fa3720771908e3b931576390d9d265431da5b1e9d74266482217acc73,0.0086956521739129,0.1496754304612479,48,0.0,0,0.0,0,0.0,0,3.042086672136035,5.276447980515567,3.042086672136035,11.39831494882914,88.53833940001606,0,-1,3.028884284107904,0.072810444956109,0.3043478260869565,4.208560296652777,4.208560296652777,117.93730000499636,4.453317144392972,3.948661286129751,4
AC+CBF+AER,AC+CBF+AER,actor-critic + CBF + adaptive replay,2,5,1.3,1.0,5.774805142729321,fdf14de5f48f65b0740bb224feca20380345f8f6d420808eb6de9a461a26ee70,0.0608695652173912,0.1548125181279571,58,0.0,0,0.0,0,0.0,0,2.632909606813172,4.646674761679528,2.632909606813172,11.45448192417637,89.62989885490221,0,-1,3.055488632793756,0.0713530704114958,0.3217391304347826,3.815891151848074,3.815891151848074,131.38619999517687,3.609947900507777,4.01127494957954,5
AC+CBF+AER,AC+CBF+AER,actor-critic + CBF + adaptive replay,2,6,1.36,1.0,5.817649634803695,18fbd0676905f5cfe3388b4edd7b8adc8a327d23ff16fb5570682f02bbc58a9d,0.0478260869565216,0.1618867329736251,57,0.0,0,0.0,0,0.0,0,3.0572801640330383,6.249800439739597,3.0572801640330383,11.689622310908543,86.79891445395691,0,-1,2.9506038091988422,0.0732299594384126,0.2869565217391304,3.817289741233171,3.817289741233171,119.3245000031311,4.246814369032205,3.332862081159317,6
AC+CBF+AER,AC+CBF+AER,actor-critic + CBF + adaptive replay,2,7,1.42,1.0,5.849063904209316,a3369fa3191d0bf375e4e57fc0ca1a1bc041469c179e28e0008fab8056d212ab,0.0652173913043477,0.1650691079677373,55,0.0,0,0.0,0,0.0,0,3.6154720545287593,3.6154720545287593,3.7482625128186258,11.469272538491976,89.53407249197062,0,-1,2.9955548361805566,0.0932737261744736,0.3304347826086956,3.1647142089149254,3.1647142089149254,113.15739998826756,2.957461692956303,3.359204129390187,7
AC+CBF+AER,AC+CBF+AER,actor-critic + CBF + adaptive replay,2,8,1.48,1.0,5.874032580293453,91bcbfbfacdce1c9b7980c4de4e36608968fd3dd3a6e0c052f321d6bb8e10c37,0.0434782608695651,0.1728951812694774,63,0.0,0,0.0,0,0.0,0,2.82664065025377,4.340443080739012,2.82664065025377,11.554205177692165,88.81557375646838,0,-1,2.984266618592278,0.0845534495675146,0.3304347826086956,4.0729953942596575,4.0729953942596575,115.29509999672882,4.375679532668155,3.745932673008121,8
AC+CBF+AER,AC+CBF+AER,actor-critic + CBF + adaptive replay,2,9,1.54,1.0,5.846930070470624,7463c08cf9720fa1a91611ab930db3957842784619f8d72a3d528a9924d4b662,0.0956521739130434,0.1743049140763325,55,0.0,0,0.0,0,0.0,0,2.1218245803499345,4.086919343018694,2.1218245803499345,11.571380280459396,89.20227502198065,0,-1,2.9931110273251145,0.0858838194470795,0.3130434782608696,4.406286257866792,4.406286257866792,116.08529998920858,5.225839978126666,3.394306069809342,9
AC+CBF+AER,AC+CBF+AER,actor-critic + CBF + adaptive replay,3,0,1.0,1.0,5.611365623628189,40077ea3bdd754003ee403c8647f5c7a881625b45d34c91883061194222efdc2,0.0391304347826086,0.1443618778975431,53,0.0,0,0.0,0,0.0,0,2.954409472401423,4.0773403835777176,2.954409472401423,11.57661067487193,94.34489793841784,0,-1,3.1990159350741703,0.0540296475915351,0.3217391304347826,2.606403317879488,2.606403317879488,118.59259998891504,2.184665744287481,2.968823352212663,0
AC+CBF+AER,AC+CBF+AER,actor-critic + CBF + adaptive replay,3,1,1.06,1.0,6.042773107565493,6bb35cde73ab78fc35b96f45fcd806c9ba08167057303cfa2a2c3f8659d30416,0.0086956521739129,0.1471068574016538,51,0.0,0,0.0,0,0.0,0,2.6804113592899554,4.872095233739119,2.6804113592899554,11.591503383762698,88.57428603834381,0,-1,3.003746922064401,0.0692209604116922,0.2869565217391304,3.3657070148188013,3.3657070148188013,113.01930001354776,3.549020397277564,3.171816772594025,1
AC+CBF+AER,AC+CBF+AER,actor-critic + CBF + adaptive replay,3,2,1.12,1.0,5.871883760610053,810c6e92f86990aef82a235b44046e11ae43f44cc5f9c32e949e05de10b5d6a8,0.0,0.1609835159375067,58,0.0,0,0.0,0,0.0,0,4.415276533326376,4.415276533326376,4.7116110669297,11.410944909698648,89.0779790046146,0,-1,3.0678429521050674,0.0796911335682449,0.3304347826086956,3.019525772095687,3.019525772095687,109.45040002116002,2.5927260205828704,3.393058142574722,2
AC+CBF+AER,AC+CBF+AER,actor-critic + CBF + adaptive replay,3,3,1.18,1.0,5.791332839558368,630136ba579eba5eae2cbd350727969748be67c672c97c225ced0268201e4bd4,0.0,0.156736337113168,52,0.0,0,0.0,0,0.0,0,4.080153109462486,5.397340946044396,4.080153109462486,11.466726955920988,87.26873103685696,0,-1,2.9279977839310045,0.0865477553512765,0.3565217391304348,2.8797948852995696,2.8797948852995696,143.33880000049248,2.9730321886442725,2.7834361440636943,3
AC+CBF+AER,AC+CBF+AER,actor-critic + CBF + adaptive replay,3,4,1.24,1.0,5.934435497522223,bcf4a2fd04e8f91ac9fbf2b899138391293f93d4744dd3caa839eb84b43ff1e6,0.0304347826086957,0.1567497088146984,62,0.0,0,0.0,0,0.0,0,2.7836339700025023,3.910558463334271,2.7836339700025023,11.42840927829586,89.22797882723208,0,-1,2.9834974620303805,0.0902716343570394,0.3304347826086956,3.180849524150294,3.180849524150294,122.11630001547746,3.294568048000832,3.0629118119309773,4
AC+CBF+AER,AC+CBF+AER,actor-critic + CBF + adaptive replay,3,5,1.3,1.0,5.7911019381045605,50a360ad042daf129acd66f4c2a1d4cf27469d9b86b110d10c4647ebbeddd339,0.0782608695652173,0.1516621742885754,62,0.0,0,0.0,0,0.0,0,2.707643231077234,4.622909787613086,2.707643231077234,11.490768961484168,89.57169546839755,0,-1,3.042196688940336,0.0769648548625857,0.3217391304347826,3.0695386759357053,3.0695386759357053,113.48690002341756,3.1246440244160314,3.013425805758528,5
AC+CBF+AER,AC+CBF+AER,actor-critic + CBF + adaptive replay,3,6,1.36,1.0,5.771197205635252,88c52520be2fbd17fccf696aec12b48a8b9774301aeeb4babd7f9939f2ad305c,0.017391304347826,0.1587652057290914,63,0.0,0,0.0,0,0.0,0,3.342910379786965,5.158343986732264,3.342910379786965,11.392997820893266,88.73877290361527,0,-1,3.0532976311321383,0.0736383796209989,0.3043478260869565,4.261692012558922,4.261692012558922,124.8871000134386,4.370741673166499,4.14977768636619,6
AC+CBF+AER,AC+CBF+AER,actor-critic + CBF + adaptive replay,3,7,1.42,1.0,5.824267249181095,077c6720be08da190dadc285a3941b3046b426a47ad0b0b6473a524c1da2095f,0.017391304347826,0.1579453424828324,55,0.0,0,0.0,0,0.0,0,3.058719120542905,5.046358551809408,3.058719120542905,11.42922043413424,89.25054788382654,0,-1,3.089528983440541,0.0722510470313739,0.3043478260869565,3.421800078183309,3.421800078183309,117.00900000869296,3.1299518822039865,3.690641240380636,7
AC+CBF+AER,AC+CBF+AER,actor-critic + CBF + adaptive replay,3,8,1.48,1.0,5.775339452635045,b7666c116c120b2fa0edcdc335212eeaec03893a9195710f0f596ca6fb4a93bd,0.0652173913043477,0.1540703331253426,57,0.0,0,0.0,0,0.0,0,4.170522785125488,4.996051318780495,4.170522785125488,11.522856977866764,88.69536812019084,0,-1,3.0825634740513688,0.0715113280727215,0.3217391304347826,4.361639814557888,4.361639814557888,136.78699999582022,4.318368629263344,4.404485909350531,8
AC+CBF+AER,AC+CBF+AER,actor-critic + CBF + adaptive replay,3,9,1.54,1.0,5.796597910345269,ed93c408619c002b528328c7a26c6d3a6f0ee82b55311bef14fe43f617ccb3bc,0.026086956521739,0.1835266481178063,63,0.0,0,0.0,0,0.0,0,2.688899099971931,5.408565665426527,2.688899099971931,11.572759113770683,88.32027173156563,0,-1,3.0593631235458063,0.0686528474045433,0.3217391304347826,3.8995790789057896,3.8995790789057896,126.76579999970272,3.5247417984790586,4.241418305158555,9
AC+CBF+AER,AC+CBF+AER,actor-critic + CBF + adaptive replay,4,0,1.0,1.0,5.7764700020012265,3a6b95a4d7ee9265b0e3836f8fceeec64c13bf6f9553de19a53f58b5863db929,0.0391304347826086,0.1408728280172949,58,0.0,0,0.0,0,0.0,0,2.6559342707200533,3.301524352135268,2.6559342707200533,11.646711340509446,95.24619072151532,0,-1,3.220275367861449,0.0651101459459075,0.3304347826086956,2.4096644913374803,2.4096644913374803,115.600799996173,2.530698400751749,2.2822207443755254,0
AC+CBF+AER,AC+CBF+AER,actor-critic + CBF + adaptive replay,4,1,1.06,1.0,5.980804472656769,0c0058140f4209bd2f166f1b02c5b5f7b2d7d2924518f5fccd7604945828c8d7,0.0478260869565216,0.1413443359087037,53,0.0,0,0.0,0,0.0,0,5.488808222258035,7.606384415528836,5.488808222258035,11.77030385488222,85.06251247009135,0,-1,2.879977717445813,0.0696428574999807,0.3391304347826087,2.7420729315996617,2.7420729315996617,141.75300000351854,2.1737780421368624,3.2113263533852736,1
AC+CBF+AER,AC+CBF+AER,actor-critic + CBF + adaptive replay,4,2,1.12,1.0,5.893514649573963,7596e6b368f3783f1c64eb1d7f1f585bdea5cb8b0cf73f6fb4229d3dd8a896dc,0.017391304347826,0.1547251617256025,57,0.0,0,0.0,0,0.0,0,2.901681437712142,5.154978339157037,2.901681437712142,11.467439796821427,88.66339123659668,0,-1,3.024678519031309,0.0767455238294567,0.3130434782608696,3.3163524234459,3.3163524234459,174.59779998171143,3.082510230221665,3.534758474573584,2
AC+CBF+AER,AC+CBF+AER,actor-critic + CBF + adaptive replay,4,3,1.18,1.0,5.719341227996154,70608b75de5b12baad5aaebc8d524e7251ac09a3666ee8553ddfb2c9f9d623ff,0.0347826086956521,0.1481172100633912,56,0.0,0,0.0,0,0.0,0,3.5217100681884164,6.096174950360492,3.5217100681884164,11.476933740764872,86.53954847399844,0,-1,2.90562295033508,0.0753575657974992,0.3217391304347826,2.7966915238949,2.7966915238949,140.5945000005886,2.913334221299764,2.6749674156248804,3
AC+CBF+AER,AC+CBF+AER,actor-critic + CBF + adaptive replay,4,4,1.24,1.0,5.802600535884015,ac3c04f294ae0cf9aa27c3b414335475feda76fe2b486e826cdf0fef5de31a97,0.0347826086956521,0.1523548225770826,49,0.0,0,0.0,0,0.0,0,2.9753404408691955,4.233691878950724,2.9753404408691955,11.328465275245392,89.44797226870827,0,-1,3.0356189425914035,0.0785831066714464,0.3043478260869565,3.344648524053104,3.344648524053104,155.30139999464154,3.6878212068005527,2.9619794471895533,4
AC+CBF+AER,AC+CBF+AER,actor-critic + CBF + adaptive replay,4,5,1.3,1.0,5.729773931023145,e6d3418dd2c97d061d8e8e8dbef71628681a3da74c4636651e8dfd58a02910fa,0.0956521739130434,0.1455887420761465,59,0.0,0,0.0,0,0.0,0,5.241831273369668,6.238335730946545,5.241831273369668,11.683400412291912,86.371612803752,0,-1,2.914477489605282,0.0756076255973243,0.3304347826086956,2.746721176291499,2.746721176291499,149.44810001179576,2.623605414375315,2.864550413282484,5
AC+CBF+AER,AC+CBF+AER,actor-critic + CBF + adaptive replay,4,6,1.36,1.0,5.8098273547125,0a2e44121d7ff992d031d82b6b594764ac07730c243e35e5cc713b9ff8e3ad9a,0.0217391304347825,0.1615658799631206,60,0.0,0,0.0,0,0.0,0,3.60840593430112,4.12604285202334,3.60840593430112,11.574861125166793,89.62726959077567,0,-1,3.060801814855152,0.0784008772294974,0.3391304347826087,3.522324785985529,3.522324785985529,140.11379997828044,3.3969002683231078,3.643434144183535,6
AC+CBF+AER,AC+CBF+AER,actor-critic + CBF + adaptive replay,4,7,1.42,1.0,5.810643061413496,dc941e301553d646874df003d187df21355bbbad3ac4e91d35e057823e6455fe,0.0739130434782608,0.1624580529571578,53,0.0,0,0.0,0,0.0,0,3.494307453905701,3.952134261791532,3.494307453905701,11.66107632637019,89.45016030833344,0,-1,3.008234150095268,0.0775164609412821,0.2956521739130435,3.549888080327799,3.549888080327799,158.30859998823144,3.249004881374363,3.827189314172,7
AC+CBF+AER,AC+CBF+AER,actor-critic + CBF + adaptive replay,4,8,1.48,1.0,5.915922839454348,7d181e39e48717790b37c364bbe5c062cd7a9539f5c355120bf8f518bf40581a,0.0521739130434782,0.172410036946246,55,0.0,0,0.0,0,0.0,0,3.255485770412797,4.038158549002239,3.255485770412797,11.68805233062348,88.60054665959493,0,-1,2.9504364427518057,0.0907275794321847,0.3130434782608696,3.684237581465004,3.684237581465004,121.2983000150416,3.364944616826733,3.97798451970932,8
AC+CBF+AER,AC+CBF+AER,actor-critic + CBF + adaptive replay,4,9,1.54,1.0,5.795223194755285,c80765cc52d91c3d844ce1b6d1a2083955264f6182b151cf3c9b2018e5a0c423,0.0521739130434782,0.1599722705976452,56,0.0,0,0.0,0,0.0,0,2.585605068234878,5.398954569865269,2.585605068234878,11.66337282544891,88.45344600199773,0,-1,3.061135655485093,0.0705275289184221,0.3130434782608696,5.08211203413583,5.08211203413583,116.26690000412054,5.259126246799235,4.898705602018134,9
Full,Full,actor-critic + CBF + online uncertainty estimation + adaptive replay,0,0,1.0,1.0,5.424929463261139,1290502f5cc1479a39bc6122deed877d23d1bce160e08ae72c73bcc571644b84,0.017391304347826,0.1417645157079876,49,0.0,0,0.0,0,0.0,0,4.975354131857573,7.4645662412081535,4.975354131857573,11.753187793640448,85.15217540229902,0,-1,2.913216380225722,0.0546898101804812,0.408695652173913,2.7838451772286747,2.271379042476564,162.10919999866746,2.332264762337517,2.208815652688614,0
Full,Full,actor-critic + CBF + online uncertainty estimation + adaptive replay,0,1,1.06,1.0,6.112116914914752,f6e58b002b846aa4267cda0b2e2981838f73f75ca75bf5d2a362520b310a5904,0.0478260869565216,0.1420473057002858,54,0.0,0,0.0,0,0.0,0,6.866156030444831,6.866156030444831,9.407023214676045,12.199881538665812,85.24052450574064,0,-1,2.9152987518001816,0.0752248483881497,0.3043478260869565,3.4134176202636395,1.7740361662848716,122.66239998280072,1.86262560422097,1.6807838936263986,1
Full,Full,actor-critic + CBF + online uncertainty estimation + adaptive replay,0,2,1.12,1.0,5.9850198775649215,1842d6b48e65e0d845f28064a4d4f76b39d06f25382eba6e08249ef0e33ce533,0.0304347826086957,0.1399595651115591,54,0.0,0,0.0,0,0.0,0,5.436571567914508,5.436571567914508,6.606376304041661,11.891344059171372,87.57705989071405,0,-1,2.978608680164938,0.0778242684625832,0.2956521739130435,3.577919731384339,2.2717741143479064,127.4109999940265,2.497986823430259,2.020390329419351,2
Full,Full,actor-critic + CBF + online uncertainty estimation + adaptive replay,0,3,1.18,1.0,5.857396972866172,46ea4884edf0d2d0b527757a729d68cf9f1fd3b2fabfd6591af84f82c2602b72,0.017391304347826,0.1524116784961557,52,0.0,0,0.0,0,0.0,0,5.735670507012905,5.735670507012905,6.931355596105357,12.111497184065314,87.23151364819928,0,-1,2.9787054122321432,0.075560776293023,0.2956521739130435,3.2517818404875123,2.166966037461449,125.21009999909438,2.342192666528313,1.9762634257314324,3
Full,Full,actor-critic + CBF + online uncertainty estimation + adaptive replay,0,4,1.24,1.0,5.794801138444317,b0491bfd11ca6fcbe089bf0e5db6cc4754806de544a0d4f16a05ac5e63f7364f,0.0782608695652173,0.1491568713023484,59,0.0,0,0.0,0,0.0,0,4.159982184572312,4.159982184572312,7.192696059627515,11.787066576051616,89.00368301496694,0,-1,3.003163339774479,0.0888168045348993,0.3391304347826087,3.675996890911805,2.36585200694775,121.81599999894388,2.6461800965268005,2.047496601780528,4
Full,Full,actor-critic + CBF + online uncertainty estimation + adaptive replay,0,5,1.3,1.0,5.8283470613539645,ebeae7456964e82fb4b1a10e1e1c9f599b5b0d2eb001b0de6e2b0cd7afa80e72,0.0086956521739129,0.1565754079322125,65,0.0,0,0.0,0,0.0,0,4.039635046941395,4.039635046941395,6.462300623831313,11.590228770757053,89.53147636755193,0,-1,3.034174116663658,0.0975147299972046,0.3565217391304348,3.7021721908795295,2.788271144766077,121.18479999480768,3.138254307020484,2.3875242109636576,5
Full,Full,actor-critic + CBF + online uncertainty estimation + adaptive replay,0,6,1.36,1.0,5.886707372757818,291357f8730d0569e5d924fe750842809c913891fcdeb2d6fd549cfbd69b5722,0.0391304347826086,0.1519452576187987,62,0.0,0,0.0,0,0.0,0,4.796562893551506,4.796562893551506,7.525053679090138,11.92631960255014,88.08496728584537,0,-1,2.9826377348588906,0.0821455127883688,0.3304347826086956,3.9181495437130014,2.6041444148598547,158.87889999430627,3.044218180013425,2.0726485325224107,6
Full,Full,actor-critic + CBF + online uncertainty estimation + adaptive replay,0,7,1.42,1.0,5.868672604628706,13cb2f6395130d1e3c7cf1f5148694bfc1295285f769af058dd9fbaf01626bb7,0.0652173913043477,0.1666850351028523,57,0.0,0,0.0,0,0.0,0,5.224464076147231,5.224464076147231,8.530232919101238,11.995556753115553,87.39171580599077,0,-1,2.962401521971308,0.0841153706208216,0.3217391304347826,3.4589376898819224,2.200198951190456,132.39690000773408,2.5401273817710885,1.797082005367567,7
Full,Full,actor-critic + CBF + online uncertainty estimation + adaptive replay,0,8,1.48,1.0,5.90225674928581,79fa959b972ab0033b20e30817c29d8193f16bf72c81dd0d6aad776374799d2d,0.0608695652173912,0.1643146425838269,54,0.0,0,0.0,0,0.0,0,3.818722661644183,3.818722661644183,6.152212674955076,11.738604387810804,90.03755622879822,0,-1,3.0527987079305734,0.0888234789174494,0.3304347826086956,4.474091178477708,2.8178454594841176,182.7857000171207,3.3829131520350115,2.106277444416821,8
Full,Full,actor-critic + CBF + online uncertainty estimation + adaptive replay,0,9,1.54,1.0,5.906795144926904,20650919392802bdf9e7744194b816b55707da2eb76474072ea5c7ddd49b5c01,0.0608695652173912,0.1763712207068929,56,0.0,0,0.0,0,0.0,0,4.197819590707344,4.197819590707344,8.033780937836276,11.82808959182266,88.26669074637017,0,-1,2.958865878329031,0.1044996628844069,0.3652173913043478,4.79899362008503,3.3755932564811046,156.90010000253096,4.231911404389186,2.209114196188637,9
Full,Full,actor-critic + CBF + online uncertainty estimation + adaptive replay,1,0,1.0,1.0,5.681334313021936,e8edde64e892ebb977ec4b1e3b5814b7d9685e100a04edf4f3dc4ff6189acfdf,0.0695652173913043,0.1359021002214868,51,0.0,0,0.0,0,0.0,0,3.361037298874451,3.361037298874451,5.937326229444198,11.85400462185371,91.11491909611284,0,-1,3.126658892746165,0.0678768019779288,0.4,2.799488377691587,2.394352323616252,132.99419998656958,2.1908206972485,2.581888992912106,0
Full,Full,actor-critic + CBF + online uncertainty estimation + adaptive replay,1,1,1.06,1.0,5.964417561135552,3db7b85512db5a6a4d1345606bbee7ab7e216f1eabc9cd4b0cbcfad23fb35fb8,0.0478260869565216,0.1394895016764791,51,0.0,0,0.0,0,0.0,0,6.167878581816014,6.167878581816014,7.608596578392851,11.963239649107864,86.51010577832392,0,-1,2.936660801485671,0.0779439340045224,0.2956521739130435,2.872671187953841,1.3383009185005674,190.9631000016816,1.315277059455636,1.3609353231467909,1
Full,Full,actor-critic + CBF + online uncertainty estimation + adaptive replay,1,2,1.12,1.0,5.808062554839879,2ba18529a4b500943ad609e0a74d6a99d1ad48bab163c87fa1ea8c86ee361358,0.0608695652173912,0.1382506680824534,64,0.0,0,0.0,0,0.0,0,4.874656814410919,4.874656814410919,7.198296268546911,11.70303093426871,87.82648727236105,0,-1,2.962490537141205,0.0874803469939655,0.3304347826086956,3.1789130905033693,1.9210341460135467,144.23919998807833,2.164969481429212,1.6412347561455431,2
Full,Full,actor-critic + CBF + online uncertainty estimation + adaptive replay,1,3,1.18,1.0,5.824062031037104,38c78961cb4d6e16083d2d825a353f49fd94e71c5e732c5a90d3cd29fc138c48,0.017391304347826,0.1550019709177601,51,0.0,0,0.0,0,0.0,0,6.067205265298917,6.067205265298917,7.511109362500551,11.896613688367816,86.72873059156403,0,-1,2.9580265223627813,0.0849722060253884,0.3478260869565217,3.5725460202859605,2.2514356890493,140.1839000172913,2.2622014078120904,2.2406182437762108,3
Full,Full,actor-critic + CBF + online uncertainty estimation + adaptive replay,1,4,1.24,1.0,5.865716327862375,46f50b36dbd96a355c6621a61b833117852052254b98fa93bbbb8725d426308b,0.0652173913043477,0.1485740745288825,57,0.0,0,0.0,0,0.0,0,4.18632097069526,4.18632097069526,6.130441590680791,11.53344650461104,89.45756632181099,0,-1,3.027097532572796,0.0906730871765439,0.3304347826086956,4.200432586039286,2.6438368270242045,136.88949999050237,2.803831765864908,2.4735144561101103,4
Full,Full,actor-critic + CBF + online uncertainty estimation + adaptive replay,1,5,1.3,1.0,5.78628247566911,d2446016ac0d03e852a2b8b18cc53356235435eff02c45166fb96ec150809a79,0.0130434782608696,0.1563220208341262,60,0.0,0,0.0,0,0.0,0,5.418738620766642,5.418738620766642,6.813130247677868,11.938548838017413,87.67777827927152,0,-1,2.9886763502294738,0.0755286822315048,0.3217391304347826,3.7613863649963655,2.32162134526778,158.08150000520982,2.165350342225008,2.468017268382049,5
Full,Full,actor-critic + CBF + online uncertainty estimation + adaptive replay,1,6,1.36,1.0,5.846024983495677,a7a659024af26122fb7341d324f6faa89fdcf1a0426d162f9be24a684bcc0444,0.026086956521739,0.1553241374453545,50,0.0,0,0.0,0,0.0,0,5.336056658297619,5.336056658297619,7.664624612337429,11.904543824669693,87.18893289666197,0,-1,2.9374784154981906,0.0820643673289295,0.3304347826086956,3.295655513367797,2.186666126319124,141.40309998765588,2.0830378189397183,2.285600783349933,6
Full,Full,actor-critic + CBF + online uncertainty estimation + adaptive replay,1,7,1.42,1.0,6.003796796059501,39eb78d339619663a0cf9fc7636303b03e57b59a00cdc1e5470cf29b047c8208,0.026086956521739,0.1624331350521206,66,0.0,0,0.0,0,0.0,0,5.386566272646356,5.386566272646356,7.476677868131665,11.823492566000374,87.52820295835431,0,-1,2.9765771168771176,0.0843961521012233,0.3739130434782609,4.082266437073774,2.5845706957831567,145.51370000117458,2.389915773955406,2.765558525217138,7
Full,Full,actor-critic + CBF + online uncertainty estimation + adaptive replay,1,8,1.48,1.0,5.790698342190798,b7bece9fcd5d8109b4da0c46714d050abb9169d495eab385071daa80f785f004,0.0521739130434782,0.1598221055420095,55,0.0,0,0.0,0,0.0,0,3.838083293129049,3.838083293129049,6.2770288530010685,11.728934771092174,89.94860959094711,0,-1,3.046331720960161,0.0873903352398519,0.3391304347826087,4.112429762028775,2.997183020175484,137.3355999821797,3.1519731914641294,2.833950795823369,8
Full,Full,actor-critic + CBF + online uncertainty estimation + adaptive replay,1,9,1.54,1.0,5.878358250728681,65fd49d28eb428bff39948f28fd355485786a0d7e3b753a043d087664ce8428c,0.0391304347826086,0.179610572795698,60,0.0,0,0.0,0,0.0,0,3.489966858422269,3.489966858422269,7.095029775392925,11.61066609006862,89.55614583086064,0,-1,3.009136372929232,0.1032729444504054,0.3652173913043478,4.413094820514357,2.755119558924412,141.13679999718445,2.8428995753108555,2.6644492062400165,9
Full,Full,actor-critic + CBF + online uncertainty estimation + adaptive replay,2,0,1.0,1.0,5.582801967432775,406bff0b5cc8fd555824994fc19b69bfac67a3a8a0b294e0b4ba74c23f056f60,0.0695652173913043,0.1419470867836721,64,0.0,0,0.0,0,0.0,0,3.963544582158443,3.963544582158443,5.650146412239349,11.677582513805737,89.2005012970584,0,-1,3.0554214138379474,0.0657207494485441,0.4260869565217391,3.0297090436127885,2.5561004297994976,138.58389999950305,2.757940969749588,2.336891187415252,0
Full,Full,actor-critic + CBF + online uncertainty estimation + adaptive replay,2,1,1.06,1.0,5.974317493122871,79fa3d150a7ba64b8aeb209e74a2f74ca3496f34c0148af55298c58da757bf8c,0.0478260869565216,0.1529968537818234,54,0.0,0,0.0,0,0.0,0,5.24076311002101,5.24076311002101,8.536575827840728,11.955321931322166,87.4022185394478,0,-1,2.9540560145411514,0.0856604085306466,0.3217391304347826,2.9054112737189537,2.0020469093740667,124.39260000246576,1.6994057092903678,2.264597953257886,1
Full,Full,actor-critic + CBF + online uncertainty estimation + adaptive replay,2,2,1.12,1.0,5.982914259667283,59e262658804cddf4d8d2408a2dc03ef7f8082ae302b112042011185c81997d3,0.0347826086956521,0.1413673465387463,55,0.0,0,0.0,0,0.0,0,6.725581087684432,6.725581087684432,8.268989681690945,11.917179249643,86.07822677308954,0,-1,2.94534671201049,0.0812386813292699,0.3304347826086956,3.5780983896921894,2.5231047310503145,144.11619998281822,2.684149499225589,2.351054323809634,2
Full,Full,actor-critic + CBF + online uncertainty estimation + adaptive replay,2,3,1.18,1.0,5.818320303440707,1f7f2dee6b7447aa9294f7fcc2d16347195cc3c1abe43ad08bb7a349da302248,0.0,0.1485607798309649,56,0.0,0,0.0,0,0.0,0,5.496010144720989,5.496010144720989,6.777799635940173,11.795782472839436,87.54489346543254,0,-1,2.984689957674727,0.0773399468661261,0.3391304347826087,2.84866819597944,1.9538272135073669,149.41990000079386,1.939873544786387,1.9676819333220037,3
Full,Full,actor-critic + CBF + online uncertainty estimation + adaptive replay,2,4,1.24,1.0,5.831698271432755,0e8ce06fa3720771908e3b931576390d9d265431da5b1e9d74266482217acc73,0.0086956521739129,0.1496754304612479,48,0.0,0,0.0,0,0.0,0,4.27582322520508,4.27582322520508,6.1903751372783,11.611996458750246,89.30538263723288,0,-1,3.025827276700133,0.094132579803395,0.3652173913043478,4.208560296652777,2.746225854203624,126.61119998665528,3.21564229810199,2.1778791277869862,4
Full,Full,actor-critic + CBF + online uncertainty estimation + adaptive replay,2,5,1.3,1.0,5.713975242970971,fdf14de5f48f65b0740bb224feca20380345f8f6d420808eb6de9a461a26ee70,0.0608695652173912,0.1548125181279571,58,0.0,0,0.0,0,0.0,0,7.380221301465187,7.380221301465187,8.099465850120588,11.849851814438974,85.36871218623135,0,-1,2.914349671570207,0.0735759755930051,0.4,3.815891151848074,1.9321901375484924,138.57399998232722,1.8701835053887312,1.9922678312544329,5
Full,Full,actor-critic + CBF + online uncertainty estimation + adaptive replay,2,6,1.36,1.0,5.877746025599048,18fbd0676905f5cfe3388b4edd7b8adc8a327d23ff16fb5570682f02bbc58a9d,0.0478260869565216,0.1618867329736251,57,0.0,0,0.0,0,0.0,0,4.46990470527299,4.46990470527299,6.785867887081396,11.69291676168024,88.29240031384607,0,-1,2.974849833469436,0.0928690429087586,0.3391304347826087,3.817289741233171,2.573479267694293,149.3833000131417,3.12987004848265,1.8572841899170731,6
Full,Full,actor-critic + CBF + online uncertainty estimation + adaptive replay,2,7,1.42,1.0,5.816425686820472,a3369fa3191d0bf375e4e57fc0ca1a1bc041469c179e28e0008fab8056d212ab,0.0652173913043477,0.1650691079677373,55,0.0,0,0.0,0,0.0,0,4.097042983805979,4.097042983805979,8.625824140903005,11.83916191467262,88.21939418019296,0,-1,2.9475738965438567,0.0989051034544122,0.3304347826086956,3.1647142089149254,1.8893492162931944,140.81240000086837,2.0383572019625493,1.7275360602380556,7
Full,Full,actor-critic + CBF + online uncertainty estimation + adaptive replay,2,8,1.48,1.0,5.906745192872967,91bcbfbfacdce1c9b7980c4de4e36608968fd3dd3a6e0c052f321d6bb8e10c37,0.0434782608695651,0.1728951812694774,63,0.0,0,0.0,0,0.0,0,5.0146548790833165,5.0146548790833165,8.413892467570077,11.791441897400858,87.34344491219605,0,-1,2.922824495522031,0.096551559363772,0.3478260869565217,4.0729953942596575,2.760646269124949,142.56129998830147,3.191712099153647,2.248401548341225,8
Full,Full,actor-critic + CBF + online uncertainty estimation + adaptive replay,2,9,1.54,1.0,5.904458415124577,7463c08cf9720fa1a91611ab930db3957842784619f8d72a3d528a9924d4b662,0.0956521739130434,0.1743049140763325,55,0.0,0,0.0,0,0.0,0,4.471281385097462,4.471281385097462,7.739494284297088,11.867072026378546,87.86234338947668,0,-1,2.9378213401484663,0.0960293384159617,0.3478260869565217,4.406286257866792,3.119299635370992,126.49500000406988,3.97255227731071,1.9180429699265609,9
Full,Full,actor-critic + CBF + online uncertainty estimation + adaptive replay,3,0,1.0,1.0,5.470683969905605,40077ea3bdd754003ee403c8647f5c7a881625b45d34c91883061194222efdc2,0.0391304347826086,0.1443618778975431,53,0.0,0,0.0,0,0.0,0,4.473380877145964,6.026687256782895,4.473380877145964,11.708278208690745,86.47357982345147,0,-1,2.9495638465746103,0.0558354106846785,0.417391304347826,2.606403317879488,2.238962393522302,128.4282999986317,1.8018577670458973,2.60369233715326,0
Full,Full,actor-critic + CBF + online uncertainty estimation + adaptive replay,3,1,1.06,1.0,6.078255458906977,6bb35cde73ab78fc35b96f45fcd806c9ba08167057303cfa2a2c3f8659d30416,0.0086956521739129,0.1471068574016538,51,0.0,0,0.0,0,0.0,0,5.7111961006252185,5.7111961006252185,8.797268460823101,12.106512047980353,86.96567692856105,0,-1,2.94586926293479,0.0783308908441073,0.3130434782608696,3.3657070148188013,1.9664762805637723,137.20219998504035,2.13337641666474,1.7840299854146435,1
Full,Full,actor-critic + CBF + online uncertainty estimation + adaptive replay,3,2,1.12,1.0,5.972934783606055,810c6e92f86990aef82a235b44046e11ae43f44cc5f9c32e949e05de10b5d6a8,0.0,0.1609835159375067,58,0.0,0,0.0,0,0.0,0,4.564672847728294,4.564672847728294,7.668417839563482,11.80533708183525,88.34322425812874,0,-1,2.9868791798707885,0.0875515335676911,0.3391304347826087,3.019525772095687,2.150041454624887,126.56020000576972,1.822710303289256,2.4337386185649,2
Full,Full,actor-critic + CBF + online uncertainty estimation + adaptive replay,3,3,1.18,1.0,5.855705919281087,630136ba579eba5eae2cbd350727969748be67c672c97c225ced0268201e4bd4,0.0,0.156736337113168,52,0.0,0,0.0,0,0.0,0,6.5308162832571375,6.5308162832571375,8.531565910392972,11.86160249575539,85.988880461672,0,-1,2.8997946101099044,0.0888843523286288,0.3304347826086956,2.8797948852995696,2.0411128175205056,137.58249999955297,2.123470109035854,1.955289687929708,3
Full,Full,actor-critic + CBF + online uncertainty estimation + adaptive replay,3,4,1.24,1.0,5.896414235735799,bcf4a2fd04e8f91ac9fbf2b899138391293f93d4744dd3caa839eb84b43ff1e6,0.0304347826086957,0.1567497088146984,62,0.0,0,0.0,0,0.0,0,4.123711238836861,4.123711238836861,8.501001886119298,11.778851288658538,88.37179925235814,0,-1,2.9613299340242785,0.1051683589495866,0.3652173913043478,3.180849524150294,2.0114503000480988,121.42759998096152,2.0793176561059723,1.9412116587670545,4
Full,Full,actor-critic + CBF + online uncertainty estimation + adaptive replay,3,5,1.3,1.0,5.82574868378305,50a360ad042daf129acd66f4c2a1d4cf27469d9b86b110d10c4647ebbeddd339,0.0782608695652173,0.1516621742885754,62,0.0,0,0.0,0,0.0,0,4.917716823295529,4.917716823295529,7.195729805503473,11.854967086783274,87.9954104410621,0,-1,2.984382792858821,0.0875586240464814,0.3391304347826087,3.0695386759357053,1.909551045460272,117.26590001489969,1.670150257441674,2.12211415998394,5
Full,Full,actor-critic + CBF + online uncertainty estimation + adaptive replay,3,6,1.36,1.0,5.858603552861786,88c52520be2fbd17fccf696aec12b48a8b9774301aeeb4babd7f9939f2ad305c,0.017391304347826,0.1587652057290914,63,0.0,0,0.0,0,0.0,0,4.651811708197898,4.651811708197898,7.40838386306209,11.77390815117459,88.25765274223181,0,-1,2.987718846759172,0.0882476435682783,0.3478260869565217,4.261692012558922,3.1854439830652237,150.17840001382865,3.4576021389022715,2.887748982780758,6
Full,Full,actor-critic + CBF + online uncertainty estimation + adaptive replay,3,7,1.42,1.0,5.872466128567925,077c6720be08da190dadc285a3941b3046b426a47ad0b0b6473a524c1da2095f,0.017391304347826,0.1579453424828324,55,0.0,0,0.0,0,0.0,0,4.210570464397781,4.210570464397781,6.968250731676898,11.81908967714407,89.00312021297677,0,-1,3.0058502304568937,0.0906498210964136,0.3391304347826087,3.421800078183309,2.345367599785159,123.7189999956172,2.206367576700506,2.476578380089903,7
Full,Full,actor-critic + CBF + online uncertainty estimation + adaptive replay,3,8,1.48,1.0,5.92561208438758,b7666c116c120b2fa0edcdc335212eeaec03893a9195710f0f596ca6fb4a93bd,0.0652173913043477,0.1540703331253426,57,0.0,0,0.0,0,0.0,0,4.119856033995031,4.119856033995031,6.381883790243073,11.631525690036986,88.77516742192812,0,-1,2.983984992815272,0.0906650642189604,0.3391304347826087,4.361639814557888,3.0466060790583507,133.4698999999091,3.3558618575736747,2.7021858549686697,8
Full,Full,actor-critic + CBF + online uncertainty estimation + adaptive replay,3,9,1.54,1.0,5.792098709402246,ed93c408619c002b528328c7a26c6d3a6f0ee82b55311bef14fe43f617ccb3bc,0.026086956521739,0.1835266481178063,63,0.0,0,0.0,0,0.0,0,4.714110916167616,4.714110916167616,8.313167914579722,11.943982856722588,87.99932549428122,0,-1,2.97987758932828,0.0860914882820327,0.3391304347826087,3.8995790789057896,2.497210706808284,136.76709998981096,2.101719885856079,2.838114893691404,9
Full,Full,actor-critic + CBF + online uncertainty estimation + adaptive replay,4,0,1.0,1.0,5.746766948788632,3a6b95a4d7ee9265b0e3836f8fceeec64c13bf6f9553de19a53f58b5863db929,0.0391304347826086,0.1408728280172949,58,0.0,0,0.0,0,0.0,0,3.276014162746757,3.276014162746757,4.7036341185867,11.736801602653296,89.57000482278676,0,-1,3.043788665777031,0.0795787535639832,0.417391304347826,2.4096644913374803,2.004873940255565,134.2657999775838,2.0750738813904204,1.9321251044906596,0
Full,Full,actor-critic + CBF + online uncertainty estimation + adaptive replay,4,1,1.06,1.0,5.984801883273377,0c0058140f4209bd2f166f1b02c5b5f7b2d7d2924518f5fccd7604945828c8d7,0.0478260869565216,0.1413443359087037,53,0.0,0,0.0,0,0.0,0,7.751362162359726,7.751362162359726,8.565187355425891,12.102101378987326,84.4480170812342,0,-1,2.8665317715355183,0.0706340152551277,0.3217391304347826,2.7420729315996617,1.8923137998590815,118.36539997602812,1.2303344713701954,2.376547942464544,1
Full,Full,actor-critic + CBF + online uncertainty estimation + adaptive replay,4,2,1.12,1.0,5.893913508749,7596e6b368f3783f1c64eb1d7f1f585bdea5cb8b0cf73f6fb4229d3dd8a896dc,0.017391304347826,0.1547251617256025,57,0.0,0,0.0,0,0.0,0,6.161359787761414,6.161359787761414,7.791278232000484,11.82616886987691,86.47927294946557,0,-1,2.922959252166329,0.082521944097367,0.3739130434782609,3.3163524234459,1.6131957318345072,117.86019999999552,1.7406678705327632,1.4747461825389063,2
Full,Full,actor-critic + CBF + online uncertainty estimation + adaptive replay,4,3,1.18,1.0,5.83337315822285,70608b75de5b12baad5aaebc8d524e7251ac09a3666ee8553ddfb2c9f9d623ff,0.0347826086956521,0.1481172100633912,56,0.0,0,0.0,0,0.0,0,4.430918518035313,4.430918518035313,7.48921418129673,11.589669574042958,88.04259567192335,0,-1,2.943168036459167,0.0999123882353742,0.3739130434782609,2.7966915238949,1.8635901911962776,121.10769998980686,1.94143062166865,1.7823534842149682,3
Full,Full,actor-critic + CBF + online uncertainty estimation + adaptive replay,4,4,1.24,1.0,5.916432871050919,ac3c04f294ae0cf9aa27c3b414335475feda76fe2b486e826cdf0fef5de31a97,0.0347826086956521,0.1523548225770826,49,0.0,0,0.0,0,0.0,0,4.791018876034251,4.791018876034251,7.3715334176577025,11.654443687056212,87.94534958873287,0,-1,2.964915283842696,0.0896543838957835,0.3391304347826087,3.344648524053104,2.25502279221624,126.17689999751748,2.445997882652968,2.046301528340009,4
Full,Full,actor-critic + CBF + online uncertainty estimation + adaptive replay,4,5,1.3,1.0,5.814146461522033,e6d3418dd2c97d061d8e8e8dbef71628681a3da74c4636651e8dfd58a02910fa,0.0956521739130434,0.1455887420761465,59,0.0,0,0.0,0,0.0,0,4.58090030225177,4.58090030225177,7.94642051915406,11.701533266332383,87.82188966617011,0,-1,2.9406303145790327,0.0967817360340145,0.3652173913043478,2.746721176291499,1.857197517105816,118.82090001017788,1.7926758208113718,1.9195516759301603,5
Full,Full,actor-critic + CBF + online uncertainty estimation + adaptive replay,4,6,1.36,1.0,5.797121166795471,0a2e44121d7ff992d031d82b6b594764ac07730c243e35e5cc713b9ff8e3ad9a,0.0217391304347825,0.1615658799631206,60,0.0,0,0.0,0,0.0,0,4.241537210588856,4.241537210588856,7.523736854463461,11.755784269472516,88.35058626648889,0,-1,2.963236905041071,0.0901097529814944,0.3565217391304348,3.522324785985529,2.374304582915724,120.25619999621996,2.292030680756305,2.4538214815631987,6
Full,Full,actor-critic + CBF + online uncertainty estimation + adaptive replay,4,7,1.42,1.0,5.918339003716447,dc941e301553d646874df003d187df21355bbbad3ac4e91d35e057823e6455fe,0.0739130434782608,0.1624580529571578,53,0.0,0,0.0,0,0.0,0,4.470490975055943,4.470490975055943,8.415300725100089,11.85544612306684,87.83576995085754,0,-1,2.933427064946223,0.0912193590291333,0.3391304347826087,3.549888080327799,2.288413251153003,137.61259999591857,2.154213030175387,2.4151680348845064,7
Full,Full,actor-critic + CBF + online uncertainty estimation + adaptive replay,4,8,1.48,1.0,5.845363478611931,7d181e39e48717790b37c364bbe5c062cd7a9539f5c355120bf8f518bf40581a,0.0521739130434782,0.172410036946246,55,0.0,0,0.0,0,0.0,0,5.161159449159339,5.161159449159339,7.551906331602757,11.818734742059494,87.15034180191954,0,-1,2.892246478312233,0.0910486535807048,0.3391304347826087,3.684237581465004,2.5004680667207064,118.72579998453148,2.2898188103475725,2.6947005253197247,8
Full,Full,actor-critic + CBF + online uncertainty estimation + adaptive replay,4,9,1.54,1.0,5.922201447481658,c80765cc52d91c3d844ce1b6d1a2083955264f6182b151cf3c9b2018e5a0c423,0.0521739130434782,0.1599722705976452,56,0.0,0,0.0,0,0.0,0,4.460127841192854,4.460127841192854,7.95621607922293,11.852862498389202,88.32870716534715,0,-1,2.979625808209708,0.0918893756589254,0.3565217391304348,5.08211203413583,3.601560623762684,123.42779999016784,3.9874918971764814,3.168972423866702,9
